topic_title_0,topic_title_1,topic_title_2,topic_type_0,topic_type_1,topic_type_2
Forgetting,Scorpion grasses,Password,Disease,Plant,Topic
Worry,Synonym,Feeling,Topic,Topic,Topic
Extreme,SanDisk,Fatigue,Band,Topic,Syndrome
Verb,Auxiliary verb,Quotation,Topic,Topic,Literary genre
done,DoneDeal,Temperature,Topic,Classifieds company,Topic
The Harder They Fall,difficult,love me harder,2021 film,Topic,Song by Ariana Grande and The Weeknd
Surgery,surgical operation,Military operation,Medical specialty,Topic,Topic
Conflict,War,Conflict resolution,Topic,Topic,Topic
Crisis,Economy,Financial crisis,Topic,Topic,Topic
Anthem,Elevance Health,National anthem,Composition group,Insurance company,Topic
Default,Password,Default password,Computer science,Topic,Topic
Defendant,Rape,Meaning,Topic,Topic,Topic
Female,Woman,Male,Topic,Topic,Topic
Trend Micro,Trend analysis,Trend Micro,Topic,Topic,IT security company
Opposition,Opposition,Political party,Politics,Astronomy,Organization type
Mayor,Adult,Wholesaling,Topic,Topic,Topic
String,Python,Java,Computer science,Programming language,Programming language
The Spokesman-Review,Spokesperson,Rozana Spokesman,Newspaper,Topic,Newspaper
B vitamins,Complex number,Complex,Topic,Topic,Psychology
Suspect,Patient,Report,Topic,Topic,Topic
Ready Player One,IReady,Ready or Not,Film,Topic,2019 film
Division,Multiplication,Calculator,Mathematics,Mathematics,Topic
School,Middle school,Middle East,Topic,School category,Region
Earl Grey tea,James Earl Jones,My Name Is Earl,Tea,American actor,American sitcom
Country,Country music,Code,Topic,Musical genre,Topic
Code,Enter key,Enter the Gungeon,Topic,Topic,Video game
Boxing,Boxing Day,Boxing News,Sports,Holiday,Topic
Travel visa,Visitor center,Canada,Topic,Topic,Country in North America
Investment,Bank,Investment banking,Topic,Building function,Topic
Export,Import,Microsoft Excel,Topic,Topic,Computer program
Pandemic,Coronavirus disease 2019,2019–20 coronavirus pandemic,Topic,Disease,Topic
Rage Against the Machine,Rage,Road rage,Rock band,Emotion,Topic
Nature,Natural gas,Hair,Topic,Topic,Topic
Tablet,Pharmaceutical drug,Note-taking,Pharmacy,Topic,Topic
Therapy,Hair,Medical sign,Topic,Topic,Topic
Computer network,The Weather Network,Television broadcasting,Topic,Television channel,Topic
Breakfast,Bed and breakfast,Bed,Topic,Accommodation type,Topic
Country,Country music,Code,Topic,Musical genre,Topic
used,Company,Business,Topic,Topic,Topic
Word,used,Definition,Topic,Topic,Topic
Serving size,Breakfast,McDonald's,Topic,Topic,Fast food company
Code,Enter key,Enter the Gungeon,Topic,Topic,Video game
Security,Social Security Administration,Social Security,Topic,Government agency,Topic
Tackle,Football,American football,Football move,Sports,Sports
Offense,Offensive,Offensive lineman,Sports,Military,Topic
Cooking,Cook,Oven,Topic,Career,Cooking appliance
Platinum,Pokémon Platinum,American Express,Chemical element,Video game,Credit card service company
Airplane,Plane,Aviation accident and incident,Mode of transport,Geometry,Disaster type
Communication,Management,used,Topic,Topic,Topic
Traffic collision,Aviation accident and incident,Airplane,Disaster type,Disaster type,Mode of transport
Death Becomes Her,Ampere,President,1992 film,Unit of electric current,Government title
Natural selection,Nature,Staff Selection Commission,Topic,Topic,Government ministry
Hand,JEE Main,Character,Topic,Admissions test,Arts
Lee's Summit,Summit Racing,Summit,City in Missouri,Topic,Meeting
Triggered Insaan,Triggered,Internet meme,YouTube channel,Film,Topic
Artificial satellite,Satellite imagery,Image,Rocket function,Topic,Topic
Eyes Wide Shut,Valve,Shut up,1999 film,Topic,Topic
Default,Password,Default password,Computer science,Topic,Topic
Humanitarian aid,Aid,Law,Topic,Topic,Topic
El País,El Mundo,El Corte Inglés,Newspaper,Spain,Department store company
Alliance,Star Alliance,Wedding ring,Topic,Airline alliance,Topic
Marriage,Same-sex marriage,Marriage certificate,Topic,Topic,Topic
Mystery shopping,Bag,Handbag,Topic,Topic,Topic
Division,Multiplication,Calculator,Mathematics,Mathematics,Topic
Word,Letter,Country,Topic,Alphabet,Topic
Shanghai,China,SSE Composite Index,Municipality in China,Country in East Asia,Market index
My Hero Academia,Hero,Hero MotoCorp,Manga series,Topic,Automobile company
Animal feed,Web feed,Infant,Food,Topic,Topic
used,small,Question,Topic,Topic,Topic
Weather forecasting,Weather,Forecasting,Topic,Topic,Topic
Grappling,Grapple,Grappling hook,Martial art category,Topic,Topic
Tourism,Tourist attraction,Travel visa,Topic,Topic,Topic
Province,Canada,The Province,Topic,Country in North America,Newspaper
House,iPhone,Legal case,Site listing category,Mobile phone,Topic
Force,Mother,Girl,Topic,Topic,Topic
American Express,Newspaper,Express,Credit card service company,Topic,Retail company
Capital city,Capital One,Capital,Topic,Bank,Economics
Hyperlink,TP-Link,TP-Link,Topic,Topic,Computer networking device company
Park,National park,State park,Topic,IUCN protected area categories,Park
Raising Cane's Chicken Fingers,Flour,self-raising flour,Fast-food restaurant company,Food,Topic
used,Microsoft Excel,Mixture,Topic,Computer program,Topic
Walking,Walk-in clinic,Clinic,Topic,Topic,Topic
Flight,Airport,Dice,Topic,Topic,Topic
Rain,Average,Radar,Topic,Topic,Topic
Mountain,Bicycle,Mountain bike,Topic,Topic,Bicycle type
Policy,Product return,Insurance,Topic,Topic,Topic
ACT,Tax,Law,Test,Topic,Topic
Lady,Lady Gaga,"Diana, Princess of Wales",Topic,American singer-songwriter,Princess of Wales
Industry,industry,Revolution,Economics,Topic,Topic
Officially Missing You,Official,United States,Song by Tamia,Topic,Country in North America
Real Estate,Estate,Estate,Topic,Land,Law
Bangs,Hair,Hairstyle,Hair,Topic,Topic
Meaning,Definition,Synonym,Topic,Topic,Topic
Dice,Quantum,United Nations,Topic,Topic,Intergovernmental organization
Democratic Party,Republican Party,The Press Democrat,United States,United States,Newspaper
Meaning,Flea,Flea market,Topic,Insects,Topic
Delivery,Restaurant,United Parcel Service,Commerce,Topic,Logistics company
Arena,Sand,Magic: The Gathering Arena,Topic,Topic,Digital collectible card game
Consumer,Consumer Reports,Consumer protection,Topic,Magazine,Topic
Business oligarch,Oligarchy,Russia,Topic,Form of government,Country
Content,Alcoholic beverage,Marketing,Media,Food,Topic
Morning,good,Image,Topic,Topic,Topic
East,Middle East,East London,Topic,Region,City in South Africa
"Buy here, pay here",Wish You Were Here,Wish You Were Here,Topic,Song by Pink Floyd,Studio album by Pink Floyd
Mask,Clothing,Dress,Topic,Topic,Garment
Nail,Nail polish,Polish Language,Topic,Topic,Spoken language
Cabinetry,Cabinet,Kitchen,Topic,Government,Topic
Volunteering,Job,Volunteer Fire Department,Job title,Topic,Topic
Conspiracy,Conspiracy theory,Theory,Criminal,Topic,Topic
Armed forces,Robbery,Armed forces,Topic,Topic,Topic
bad,difficult,Feeling,Topic,Topic,Topic
Feeling,Pain,Medical sign,Topic,Medical condition,Topic
large,small,Size,Topic,Topic,Topic
Offense,Offensive,Offensive lineman,Sports,Military,Topic
Meaning,Flea,Flea market,Topic,Insects,Topic
Civilian,Civil registration,Civil Engineering,Topic,Topic,Discipline
Medicine,Clinic,College,Topic,Topic,School category
Trust,Trust,National Trust,Topic,Social science,Governing body of protected sites
Sound,Sound Effect,Soundbar,Topic,Topic,Topic
Correspondent,Bank,Correspondent account,Job title,Building function,Topic
Advertising,Algemeen Dagblad,Active Directory,Topic,Newspaper,System software
Ground beef,Beef,Swimming pool,Beef,Meat,Topic
Earth,Cell,bad,Planet,Biology,Topic
Computer monitor,iPhone,Screenshot,Topic,Mobile phone,Topic
Rate,Temperature,Energy,Mathematics,Topic,Topic
Writer,Author,Writing,Career,Topic,Language writing system
Breathing,Struggling,Reading,Topic,Console game,Topic
Bowling (cricket),Cricket,good,Cricket,Sports,Topic
Helium,He-Man,Epoch,Chemical element,Fictional character,Unit of time
Resort,Hotel,Beach,Accommodation type,Accommodation type,Landform
Bronze,Bronze Age,Bronze,Topic,Art period,Color
Data,Hong Kong,Calendar date,Topic,Special administrative regions of China,Topic
Stain,Paint,used,Topic,Topic,Topic
WATCHED AG,Television show,Netflix,Topic,Topic,Production company
Song,MP3,Jab,Composition type,Format,Topic
Face,Cover letter,Letter,Topic,Topic,Message
Map,Google Maps,United States,Topic,Website,Country in North America
Legally Blonde,Vision impairment,Law,2001 film,Disability,Topic
Download,Garena Free Fire,Free,Topic,Video game,Telecommunications company
COVID-19 vaccine,Electric charge,Machine,Vaccine,Field of study,Topic
Coronavirus disease 2019,Restriction enzyme,Travel,Disease,Topic,Topic
Sea,Sea of Thieves,Southeast Asian Games,Topic,Online game,Topic
Cover version,Letter,Cover letter,Topic,Message,Topic
Image,Photograph,High-definition video,Topic,Topic,Film format
Eddie Murphy,Cillian Murphy,Brittany Murphy,American actor,Irish actor,American actress
Ground beef,Beef,Swimming pool,Beef,Meat,Topic
Flight,Airport,Dice,Topic,Topic,Topic
Escape room,Room,Ford Escape,Topic,Accommodation type,Compact SUV
Super Bowl,Bowl game,Dragon Ball Super,Championship,Topic,Japanese animated series
Meeting,Zoom Video Communications,Zoom,Topic,Company,Software
Nurse,Registered nurse,Job,Profession,Career,Topic
Pop music,Funko,Funko,Musical genre,Topic,Toy company
Significant other,Peugeot Partner,Peugeot,Topic,Car model,Car make
Size,Shoes,Plus-size clothing,Topic,Shoe,Topic
Night,Chart,Sleep,Topic,Topic,Topic
bad,difficult,Feeling,Topic,Topic,Topic
Synonym,Galti Se Mistake,Spelling,Topic,Song by Arijit Singh,Topic
Air Jordan,Nike Air Jordan I,Michael Jordan,Shoes,Topic,Chairperson of the Charlotte Hornets
Grey,Color,Hair,Color,Topic,Topic
Batter,Recipe,Cake,Cooking,Topic,Confection
Streaming media,Livestreaming,Live television,Topic,Site category,TV category
Drink,Water,Alcoholic beverage,Type of dish,Drink,Food
Wind,Wind,Wind,Topic,Topic,Telecommunications company
Road,Bus,Journey planner,Topic,Transit service type,Topic
Symbol,Chemical symbol,Ticker symbol,Topic,Topic,Topic
Nuclear power,Nuclear weapon,Nuclear power plant,Topic,Topic,Topic
Behavior,Consumer,Consumer behaviour,Topic,Topic,Field of study
United States,used,Synonym,Country in North America,Topic,Topic
Coronavirus disease 2019,Exam,Positive psychology,Disease,Topic,Field of study
Halt and Catch Fire,Meaning,Trade,TV series,Topic,Topic
used,Company,Computer file,Topic,Topic,Topic
Spring,Spring Framework,Spring,Season,Computer program,Topic
Home,Buyer,Sales,Topic,Topic,Topic
Aptitude,Exam,used,Topic,Topic,Topic
Push-up,Push technology,Push-up,Topic,Topic,Topic
Experience,Interview,Question,Topic,Topic,Topic
Vaccine,Coronavirus disease 2019,COVID-19 vaccine,Topic,Disease,Vaccine
Citizenship,CITIZEN,Citizen Watch,Topic,Topic,Company
Finance,Financial services,Student financial aid in the United States,Discipline,Topic,Topic
Seafloor spreading,Seabed,Buttocks,Topic,Topic,Topic
Humanitarian aid,Aid,Law,Topic,Topic,Topic
Basement,Girl in the Basement,Rent,Topic,2021 film,Topic
Icon,Portable Network Graphics,Logo,Computing,File format,Topic
New Year,New Year's Eve,Christmas,Topic,Saint's day,Festivity
Speed,Keepmeposted,Account,Dimension,"Recruiter in Birkirkara, Malta",Bookkeeping
Elaine Benes,Elaine Martins,Elaine,Fictional character,Musical artist,Singer
Skill,Health,Exercise,Topic,Topic,Topic
March,NCAA Men's Division I Basketball Tournament,2019,Month,Topic,Topic
Dice,LaLiga,2020–21 La Liga,Topic,Football league,Season
Alexander McQueen,Alexander the Great,Alexander McQueen,Fashion label,Former King of Macedonia,British fashion designer
Football,American football,BBC Sport,Sports,Sports,Topic
Morning,good,Image,Topic,Topic,Topic
Stony Brook University,Kelly Brook,Oak Brook,"University in Suffolk County, New York",Model,Village in Illinois
Comfort,Shoes,Chair,Topic,Shoe,Topic
Hand,JEE Main,Character,Topic,Admissions test,Arts
Travel visa,Visa,Visa,Topic,Financial services company,Topic
Turning Red,Yellow,Leaf,Topic,Color,Food
Analyst,Business Analyst,Salary,Career,Topic,Topic
The Moscow Kremlin,Le Kremlin-Bicêtre,Russia,"Kremlin in Moscow, Russia",Commune in France,Country
Rights,Lawyer,War,Topic,Occupation,Topic
Present tense,Simple present,Perfect,Topic,Topic,Grammar
Legally Blonde,Vision impairment,Law,2001 film,Disability,Topic
Court,U.S. County,Supreme Court of the United States,Topic,United States,"Federal courthouse in Washington, D.C., United States"
Worry,Don't Worry Darling,Don't Worry Be Happy,Topic,2022 film,Song by Bobby McFerrin
Company,Business,Government,Topic,Topic,Organization type
Mother,Son,How I Met Your Mother,Topic,Topic,American sitcom
Idea,Vodafone Idea,Idea Store,Topic,Telecom company,Topic
Television presenter,Television,Host,Career,Topic,Topic
Physician,Job,Salary,Occupation,Topic,Topic
Turkish lira,Laughter,Python,Currency,Topic,Programming language
Therapy,Trick-or-treating,used,Topic,Topic,Topic
Location,Rent,Car rental,Topic,Topic,Topic
Tyson Fury,Deontay Wilder,Fury,Professional boxer,American professional boxer,2014 film
Mercenary,Chapter,Manga,Topic,Books,Art form
Threat,Threat,Bomb,Topic,Computer,Aircraft accident type
Nurse,Registered nurse,Job,Profession,Career,Topic
Engineer,Engineering,Salary,Degree,Discipline,Topic
Inter Milan,Sport Club Internacional,France Inter,Football club,Football club,Radio network
Bridge,Building collapse,Surfside condominium collapse,Topic,Disaster type,Disaster
Construction aggregate,Demand,Aggregate demand,Topic,Topic,Topic
Donation,Blood,Blood donation,Topic,Body fluid,Topic
Payment,28 Days Later,28 Days Later,Topic,2002 film,Film series
Motion,Court,Redken Frizz Dismiss,Legal,Topic,Topic
Threat,Threat,Bomb,Topic,Computer,Aircraft accident type
Ally Financial,Ally Bank,Car,Financial services company,Bank,Mode of transport
Speech,Speech–language pathology,Text,Short non-fiction variety,Field of study,Literary theory
Recruitment,Jack Ryan: Shadow Recruit,College recruiting,Topic,2014 film,Topic
Recession,Economy,United States,Topic,Topic,Country in North America
Finance,Financial services,Student financial aid in the United States,Discipline,Topic,Topic
Money,Loan,Mortgage loan,Topic,Topic,Topic
Rain,Boot,Jacket,Topic,Shoe,Garment
Window,Microsoft Windows,Window film,Topic,Operating system,Topic
Škoda Superb,Škoda,Škoda Auto,Car model,Car make,Automobile manufacturer
freedom,Freedom Mobile,Freedom fighter,Furniture retail company,Wireless carrier company,Topic
Woman,Man,Female,Topic,Topic,Topic
Medical sign,used,Symptoms of COVID-19,Topic,Topic,Topic
Health,Police,Education,Topic,Organization type,Topic
Escape room,Room,Ford Escape,Topic,Accommodation type,Compact SUV
Pregnancy,Menstruation,Infant,Sickness,Topic,Topic
Remarkable,Tablet computer,reMarkable 2,Tablet,Topic,Topic
Part-time job,Job,Human body,Topic,Topic,Topic
Meaning,The Unlikely Candidates,Synonym,Topic,Rock band,Topic
Transport,Public transport,Madhya Pradesh,Topic,Transit service type,State of India
Regret,Meaning,Quotation,Topic,Topic,Literary genre
Film,Streaming,Hindi cinema,Topic,Topic,Topic
Number,Multiracial people,Fraction,Topic,People,Topic
Tears,Meniscus,Meniscus tear,Body water,Topic,Injury
Water,Sugar,Value added,Drink,Food,Topic
Life,Quotation,Enjoy the Silence,Topic,Literary genre,Song by Depeche Mode
LGBT pride,Pride parade,Pride,Topic,Topic,Topic
Camera Operator,Camera,Cameraman Gangatho Rambabu,Career,Topic,2012 film
Artillery,Shell,War,Topic,Projectile,Topic
Travel visa,Visa,Visa,Topic,Financial services company,Topic
Maternity clothing,Parental leave,Paid leave,Clothing,Topic,Topic
Judge,Court,Judge Judy,Court,Topic,American reality show
Vow,The Vow,The Broken Marriage Vow,Topic,2012 film,Drama series
Business oligarch,Oligarchy,Russia,Topic,Form of government,Country
Sam's Club,Club,Golf,Retail company,Organization,Sports
"1,000,000",United States Dollar,Dollar,Topic,Currency,Topic
Temperature,Ford Probe,Ford,Topic,Sports car,Automobile make
Difference,Ampere,Age disparity in sexual relationships,Philosophy,Unit of electric current,Topic
Advance Auto Parts,Advance payment,Garena Free Fire,Retail company,Topic,Video game
Artificial satellite,Satellite imagery,Image,Rocket function,Topic,Topic
Desperate Housewives,Meaning,Episode,American comedy-drama series,Topic,Topic
Justice,Justice League,Zack Snyder's Justice League,Topic,Film series,2021 film
JPMorgan Chase,Morgan Freeman,Morgan Stanley,Investment banking company,American actor,Financial services company
Pain,Severe thunderstorm warning,Thunderstorm,Medical condition,Topic,Disaster type
Meaning,Beach,Ukraine,Topic,Landform,Country in Europe
Outskirt Stable,Outskirt,The Legend of Zelda: Breath of the Wild,Topic,Album by The Outskirt,Console game
Bomb,Nuclear weapon,Atomic bombings of Hiroshima and Nagasaki,Aircraft accident type,Topic,Armed conflict
Question,Exam,Mathematics,Topic,Topic,Topic
Bomb,Nuclear weapon,Atomic bombings of Hiroshima and Nagasaki,Aircraft accident type,Topic,Armed conflict
Plea,Plea bargain,Bargaining,Topic,Topic,Topic
Attention,Attention,Disease,Topic,Song by Charlie Puth,Topic
Pregnancy,Medical sign,Pregnancy test,Sickness,Topic,Diagnostic test
Microsoft Windows,Meaning,Installation,Operating system,Topic,Computer programs
Student,Loan,Student loan,Topic,Topic,Topic
Company,Business,Government,Topic,Topic,Organization type
One Piece,One Piece,Episode,Manga series,TV series,Topic
Serial killer,Weed,Herbicide,Topic,Topic,Topic
Natural environment,Environment and Climate Change Canada,Variable,Topic,Government department,Computer science
Happiness,Birthday,Happy Birthday to You,Topic,Topic,Song by Mildred J. Hill and Patty Hill
Medicine,Pharmaceutical drug,Homeopathy,Topic,Topic,Medical speciality
Meaning,Synonym,Behavior,Topic,Topic,Topic
Meaning,used,Synonym,Topic,Topic,Topic
Attitude,Ampere,Earth,Psychology,Unit of electric current,Planet
Row,Microsoft Excel,Column,Database,Computer program,Database
Solution,National Council of Educational Research and Training,Mathematics,Chemistry,Topic,Topic
Thrash metal,Heavy metal,Musical ensemble,Musical style,Musical genre,Topic
Slow cooker,Kitchen stove,Recipe,Cooking appliance,Cooking appliance,Topic
Advance Auto Parts,Advance payment,Garena Free Fire,Retail company,Topic,Video game
Funeral home,Funeral,Obituary,Topic,Topic,Topic
Buttocks,large,Breast,Topic,Topic,Topic
Mind,Mind map,A Beautiful Mind,Topic,Software class,Film
Funeral home,Funeral,Obituary,Topic,Topic,Topic
Computer Application,Application for employment,Mobile app,Software classification,Topic,Mobile game device
Trust,Trust,National Trust,Topic,Social science,Governing body of protected sites
Company,We Bought a Zoo,Product return,Topic,2011 film,Topic
Anna Sorokin,Anna Kendrick,Anna,Topic,American actress,Frozen
Auto detailing,Attention,Car wash,Topic,Topic,Topic
Busy Philipps,Bees,Busy Signal,American actress,Insects,Jamaican musical artist
Color,Pension,Color scheme,Topic,Topic,Topic
Home,The Home Depot,Funeral home,Topic,Home improvement company,Topic
One Flew Over the Cuckoo's Nest,One Flew Over the Cuckoo's Nest,Airplane,Film,Novel by Ken Kesey,Mode of transport
Shopping hours,Account,Tesco PLC,Topic,Bookkeeping,Retail company
Pump,Water,Water Pump,Topic,Drink,Topic
used,Question,Would you rather,Topic,Topic,Topic
Family,Children's film,Modern Family,Topic,Film genre,American sitcom
Family,Children's film,Modern Family,Topic,Film genre,American sitcom
Push-up,Push technology,Push-up,Topic,Topic,Topic
Society,Humane society,Law,Topic,Topic,Topic
House,iPhone,Legal case,Site listing category,Mobile phone,Topic
Cross,Motocross,American Red Cross,Topic,Sports,Non-profit
Tourism,Tourist attraction,Travel visa,Topic,Topic,Topic
2 Broke Girls,Breakup,Young Dumb & Broke,American sitcom,Topic,Song by Khalid
Safe,safe,Pregnancy,Topic,Topic,Sickness
Option,IQ Option,Call option,Finance,Online trading platform company,Topic
Emergency evacuation,Meaning,Fire,Topic,Topic,Topic
Airport,Flight,Dice,Topic,Topic,Topic
Meaning,Fled,United States,Topic,1996 film,Country in North America
Vendor,Meesho,Wholesaling,Topic,Company,Topic
Symptom,Medical sign,Coronavirus disease 2019,Topic,Topic,Disease
Death,The Walking Dead,Red Dead,Topic,TV series,Series
John Lewis & Partners,Lewis Hamilton,Lewis structure,Department store company,British motorsports racing driver,Topic
Musician,Music,Nigeria,Profession,Topic,Country in West Africa
Teacher,School,Student,Profession,Topic,Topic
Color,Pension,Color scheme,Topic,Topic,Topic
Criticism,Literary criticism,Theory,Topic,Field of study,Topic
used,Sentence,,Topic,Linguistics,
Word,Letter,Country,Topic,Alphabet,Topic
Message,Text,Birthday,Topic,Literary theory,Topic
Defendant,Accusation,Return receipt,Topic,Topic,Topic
Apartment,Rent,Earth,Building function,Topic,Planet
Blaze and the Monster Machines,Blaze Pizza,Blaze Media,Animated series,Restaurant chain,Company
Truly Madly Deeply,Love,Breathing,Song by Savage Garden,Topic,Topic
Explosion,Beirut,2020 Beirut explosion,Fictional object destruction method,Capital of Lebanon,Disaster
Grant,Hugh Grant,SASSA,Money,English actor,Topic
Clash Royale,Clash of Clans,apk,Video game,Mobile game,File format
Great Barrier Reef,Coral reef,Vapor barrier,Coral reef in Australia,Topic,Topic
Large intestine,Defecation,Cancer,Topic,Topic,Disease
Warming up,Water,Heat,Topic,Drink,Topic
Location,War,NASA,Topic,Topic,Government agency
Defamation,Definition,Meaning,Topic,Topic,Topic
Bomb,Nuclear weapon,Atomic bombings of Hiroshima and Nagasaki,Aircraft accident type,Topic,Armed conflict
Eleanor Oliphant is Completely Fine,used,Uninstaller,Novel by Gail Honeyman,Topic,Topic
Tank Trouble,Good Trouble,Troubleshooting,Online game,TV series,Topic
Word,Triangle,used,Topic,2D shape,Topic
It's Always Sunny in Philadelphia,Lines,I Will Always Love You,American sitcom,Brand,Song by Whitney Houston
Death,No Time to Die,Die Hard,Topic,2021 film,Film series
Death Becomes Her,used,President,1992 film,Topic,Government title
Office,Microsoft 365,Microsoft Office,Building use,Software,Software
Passport,Vaccine,Department of Foreign Affairs,Topic,Topic,Topic
Golden jubilee,Jubilee Hills,Queen Elizabeth II,Topic,Topic,Former Queen of the United Kingdom
Synonym,Meaning,Punta Cana,Topic,Topic,Town in the Dominican Republic
College/University,Offering,College,School category,Christianity,School category
Art museum,Art,Photograph,Building use,Topic,Topic
Film producer,Record Producer,Television producer,Topic,Topic,Career
Payment,Credit,E-commerce payment system,Topic,Topic,Topic
Leadership,Team,Team Leader,Topic,Topic,Job title
Pain,Disease,Cause,Medical condition,Topic,Medicine
Process,Process,used,Computing,Engineering,Topic
Company,Business,Government,Topic,Topic,Organization type
Meaning,Flea,Flea market,Topic,Insects,Topic
Marathon,Half marathon,Two and a Half Men,Topic,Topic,American sitcom
Shift key,Shift work,Night,Topic,Topic,Topic
Modern Language Association,Microsoft Word,File format,Professional association,Software,Topic
Emergency,Emergency department,Police,Disaster type,Topic,Organization type
Pub,Bar,Advertising,Topic,Establishment,Topic
Ancient history,Greece,Ancient Egypt,Topic,Country in the Balkans,Topic
Home,The Home Depot,Funeral home,Topic,Home improvement company,Topic
Suffering,Disease,Depression,Topic,Topic,Mood
Tablet,Drink,Pharmaceutical drug,Pharmacy,Type of dish,Topic
Retirement,Retired number,Number,Topic,Topic,Sports
Home,The Home Depot,Funeral home,Topic,Home improvement company,Topic
Temperature,Human body,Human body temperature,Topic,Topic,Topic
News,BBC News,Fox News,Broadcast genre,TV channel,Cable channel
Seafloor spreading,Seabed,Buttocks,Topic,Topic,Topic
Kit,Body kit,Tool,Association football,Topic,Topic
Hospital,Physician,Clinic,Topic,Occupation,Topic
Injury,Pain,Stomach,Injury,Medical condition,Topic
Dana White's Contender Series,"Contender Boats, Inc.",Boat,Web series,"Boat builders in Homestead, Florida",Topic
Hopeful,Synonym,Quotation,Song by Bars and Melody,Topic,Literary genre
Knight,Moon Knight,Hollow Knight,Chivalric title,Fictional character,Video game
Travel visa,Visitor center,Canada,Topic,Topic,Country in North America
Death,Accident,Traffic collision,Topic,Disaster type,Disaster type
Convention,Press conference,News media,Meeting,Topic,Topic
Family,Children's film,Modern Family,Topic,Film genre,American sitcom
Permanent residency,Perm,Hair,Topic,Hairstyle,Topic
Garage,Garage door opener,Garage door,Residential,Topic,Topic
Home,Buyer,Sales,Topic,Topic,Topic
Burn,Calorie,Fat,Injury,Topic,Food
Pull&Bear,Sweater,Pull-up,Clothing retail company,Clothing,Exercise
Warrant,U.S. County,Arrest,Law,United States,Topic
Gang,Rape,Gucci Gang,Organization type,Topic,Song by Lil Pump
Conviction,Meaning,Sentence,Topic,Topic,Law
Aside,Definition,Synonym,Topic,Topic,Topic
Population,United States,World population,Topic,Country in North America,Topic
Painting,Paint,Art,Visual art form,Topic,Topic
Central heating,Heating system,Heating pad,Topic,Topic,Topic
Drink,Water,Alcoholic beverage,Type of dish,Drink,Food
Eyes Wide Shut,Valve,Government,1999 film,Topic,Organization type
Nurse,Registered nurse,Job,Profession,Career,Topic
NFL,Snake,Ran,League,Reptiles,Film
Sick leave,Vomiting,Malaise,Topic,Ailment,Topic
Convention,Press conference,News media,Meeting,Topic,Topic
Flood,Floodlight,Flash flood,Disaster type,Topic,Disaster type
Mountain,Wall,Mount Everest,Topic,Topic,Mountain in Asia
Hall,Hall of fame,Schwäbisch Hall,Topic,Museum category,City
Grey,Color,Hair,Color,Topic,Topic
Rent,House,Apartment,Topic,Site listing category,Building function
Central heating,Heating system,Heating pad,Topic,Topic,Topic
Google Search,Search engine,Prisoner,Website,Software type,Topic
long,Meaning,Synonym,Topic,Topic,Topic
Division,Tom Clancy's The Division 2,Tom Clancy's The Division,Mathematics,Online game,Game series
Lodging,Home,Stay-at-home order,Accommodation type,Topic,Topic
Human migration,Migrant worker,Worker,Topic,Job title,Career
Secretary,Secretary of State,State,Career,Topic,Polity
Time,Money,Average,Dimension,Topic,Topic
Nine Network,Nine News,Brooklyn Nine-Nine,Television network,TV network,American comedy series
The Nightmare Before Christmas,Nightmare,A Nightmare on Elm Street,1993 film,Topic,Film franchise
Outwell,United Kingdom,Tent,Topic,Country in Europe,Topic
Measurement,Size,used,Topic,Topic,Topic
Password,Microsoft Excel,used,Topic,Computer program,Topic
Hyperlink,TP-Link,TP-Link,Topic,Topic,Computer networking device company
Meaning,The Unlikely Candidates,Synonym,Topic,Rock band,Topic
Definition,Meaning,Synonym,Topic,Topic,Topic
Terrorism,Attack,United States,Type of criminal organization,Disaster type,Country in North America
Meaning,Female,Synonym,Topic,Topic,Topic
Address,Email,Email address,Topic,Topic,Topic
Politics,RealClearPolitics,Reddit,Field of study,Website,Website
Moving company,Relocation,Ampere,Topic,Topic,Unit of electric current
Medal,Olympic Games,Olympic medal,Topic,Topic,Topic
Take-out,How to Get Away with Murder,Home and Away,Food,American thriller series,Australian television show
Jet aircraft,Personal watercraft,JetBlue,Topic,Topic,Airline
Do it yourself,Software build,Build-A-Bear Workshop,Topic,Topic,Retail company
Mobile phone,Telephone,Telephone number,Topic,Topic,Topic
Ordered pair,Court,Court order,Topic,Topic,Topic
Rescuer,Cardiopulmonary resuscitation,Infant,Career,Topic,Topic
used,Company,Business,Topic,Topic,Topic
Skill,Health,Exercise,Topic,Topic,Topic
Response time,First Response,JSON,Topic,Topic,File format
Meaning,Definition,Synonym,Topic,Topic,Topic
Spoke,Wheel,Rim,Topic,Topic,Wheel
Finitary relation,Dice,Function,Topic,Topic,Mathematics
Demand,Video on demand,Supply and demand,Topic,Topic,Topic
President,President of the United States,United States,Government title,Government office,Country in North America
Standing,Last Man Standing,Desk,Topic,American sitcom,Topic
The Spokesman-Review,Spokesperson,Rozana Spokesman,Newspaper,Topic,Newspaper
President,President of the United States,United States,Government title,Government office,Country in North America
Information,Technology,System,Topic,Topic,Topic
Dice,Calculation,Comment,Topic,Topic,Computer programming
Western Union,Best Western Hotels & Resorts,Western,Financial services company,Hotel company,Genre
Opinion poll,Exit poll,Election contest,Topic,Topic,Topic
famous,used,Country,Topic,Topic,Topic
Cost,Opportunity cost,Job,Topic,Topic,Topic
Sunk cost,Cost,Ship,Topic,Topic,Mode of transport
Don't Threaten Me with a Good Time,Threat,Synonym,Song by Panic! At The Disco,Topic,Topic
Pen,Electronic cigarette,USB flash drive,Topic,Topic,Media format
Steel,Stainless steel,Stock,Topic,Topic,Topic
Triumph Motorcycles Ltd,Motorcycle,Triumph International,Company,Sports equipment,Fashion company
President,President of the United States,United States,Government title,Government office,Country in North America
Explosion,BLAST,Furnace,Fictional object destruction method,Computer program,Central heating
Response time,First Response,JSON,Topic,Topic,File format
The Summer I Turned Pretty,The Summer I Turned Pretty,Light,Trilogy,Book by Jenny Han,Topic
Pokémon Unite,Pokémon,Harry Potter: Wizards Unite,Online game,Video game series,Mobile game
Parade,Macy's Thanksgiving Day Parade,Christmas,Topic,Topic,Festivity
Intelligence,Artificial intelligence,Business,Topic,Field of study,Topic
Cream,Heavy metal,Menstruation,Dairy product,Musical genre,Topic
Terrorism,Attack,United States,Type of criminal organization,Disaster type,Country in North America
Would you rather,Question,Rather Be,Topic,Topic,Song by Clean Bandit
Solution,National Council of Educational Research and Training,Mathematics,Chemistry,Topic,Topic
State,College/University,Park,Polity,School category,Topic
Conflict,War,Conflict resolution,Topic,Topic,Topic
Live television,Sports Direct International,Match,TV category,Clothing retail company,Topic
Walking,Walk-in clinic,Clinic,Topic,Topic,Topic
Anthem,Elevance Health,National anthem,Composition group,Insurance company,Topic
Export,Import,Microsoft Excel,Topic,Topic,Computer program
Perfume,Pain,Dior,Topic,Medical condition,Fashion company
East,Middle East,New York,Topic,Region,US State
Alliance,Star Alliance,Wedding ring,Topic,Airline alliance,Topic
Bangs,Fringe,Fringe,Hair,TV series,Trim
Google Drive,Google,Driving,Web site,Technology company,Topic
Majority,United States Senate,United States,Topic,Topic,Country in North America
Majority,United States Senate,United States,Topic,Topic,Country in North America
Coronavirus disease 2019,Restriction enzyme,Enzyme,Disease,Topic,Topic
Swimming,Swimming pool,Swimming,Sports,Topic,Sport
Landmark Cinemas,Landmark,Landmark Credit Union,Cinema company,Geographical feature category,Credit union
Inside Out,Mouth,Cleaning,2015 film,Topic,Topic
Live television,Sports Direct International,Match,TV category,Clothing retail company,Topic
Curb,Curb Your Enthusiasm,Weight,Topic,American sitcom,Topic
State,College/University,Park,Polity,School category,Topic
Equipment,Exercise equipment,used,Topic,Topic,Topic
Offense,Offensive,Offensive lineman,Sports,Military,Topic
Ski Mask the Slump God,Slump,Concrete slump test,American rapper,Geology,Topic
Resignation,Letter,Letter of resignation,Topic,Message,Topic
Limit,Credit,Speed,Mathematics,Topic,Dimension
Five Feet Apart,Hotel,Apart,2019 film,Accommodation type,Company
The Amazing Spider-Man,The Amazing Spider-Man 2,The Amazing Race,Film,2014 film,American reality show
School,Middle school,Middle East,Topic,School category,Region
Acting,Actor,Force,School category,Occupation,Topic
Symptom,Medical sign,Coronavirus disease 2019,Topic,Topic,Disease
Cell,Film producer,used,Biology,Topic,Topic
Backing track,Backing vocalist,Guitar,Topic,Topic,Musical instrument
President,Presidency,College/University,Government title,Topic,School category
Advance Auto Parts,Garena Free Fire,Advance payment,Retail company,Video game,Topic
Symptom,Medical sign,Coronavirus disease 2019,Topic,Topic,Disease
Trail,Trail running,Portland Trail Blazers,Topic,Sports,Basketball team
Deputechnologies,Minister,Deputy,Software company,Government,Topic
Strategy,Marketing,Business,Topic,Topic,Topic
Crucial,Solid-state drive,Meaning,Topic,Topic,Topic
Federal,Federation,Navy Federal Credit Union,Topic,Form of government,Credit union
Google Search,Search engine,Prisoner,Website,Software type,Topic
President,President of the United States,United States,Government title,Government office,Country in North America
President,Presidency,College/University,Government title,Topic,School category
Friendship,Birthday,Wish,Topic,Topic,Topic
Subscription business model,Flight,Payment,Topic,Topic,Topic
Bridge,Building collapse,Surfside condominium collapse,Topic,Disaster type,Disaster
Book,Progress bar,Progress,Topic,Topic,Topic
Counter-offensive,Ukraine,Ukrainian language,Topic,Country in Europe,Human language
used,small,Question,Topic,Topic,Topic
The Spokesman-Review,Spokesperson,Rozana Spokesman,Newspaper,Topic,Newspaper
Surgery,surgical operation,Military operation,Medical specialty,Topic,Topic
President,President of the United States,United States,Government title,Government office,Country in North America
Human sexual activity,Sensor,Position sensor,Topic,Topic,Topic
School,College,Student,Topic,School category,Topic
Dice,Calculation,Comment,Topic,Topic,Computer programming
Organizational founder,Founder,The Founder,Job title,Religious leadership title,2016 film
Resident Evil,Resident Evil,Resident Evil,Game series,1996 video game,Film series
Mobile Legends: Bang Bang,Legend,John Legend,Mobile game,Literary genre,American singer-songwriter
Emphatic consonant,Meaning,Pronoun,Topic,Topic,Topic
Basement,Girl in the Basement,Wall,Topic,2021 film,Topic
Meaning,used,Synonym,Topic,Topic,Topic
Welcome,Welcome,Welcome,Film series,2007 film,Topic
Economic development,Business,New product development,Field of study,Topic,Topic
Downton Abbey,Abbey,Downton Abbey,British drama series,Type of religious building,Film
Racing,Horse racing,Horse,Topic,Sports,Animal
Street Fighter,Fighter aircraft,Jet aircraft,Series,Aircraft type,Topic
Jury,Jury duty,Juried competition,Topic,Topic,Topic
Vision impairment,Love Is Blind,Color,Disability,TV series,Topic
Walking,Walk-in clinic,Clinic,Topic,Topic,Topic
Conflict,War,Conflict resolution,Topic,Topic,Topic
Internet meme,To Be Continued,To Be Continued,Topic,Web TV series,Musical band
Bomb,World War II,United States,Aircraft accident type,War,Country in North America
Surge,Surge protector,Clinique,Topic,Topic,Topic
Nerve,Gas,Trapped,Topic,States of matter,Icelandic TV series
Human sexual activity,Sensor,Position sensor,Topic,Topic,Topic
Exam,Coronavirus disease 2019,COVID-19 testing,Topic,Disease,Topic
Rail transport,National Rail,Train,Means of transportation,Topic,Form of transport
Lyrics,Can't Help Falling in Love,Love,Topic,Song by Elvis Presley,Topic
Lie,Lying,Pain,Topic,Position,Medical condition
Husband,Wife,Marriage,Topic,Topic,Topic
United States,used,Synonym,Country in North America,Topic,Topic
Army,Indian Army,India,Topic,Armed forces,Country in South Asia
President,United States presidential election,Election contest,Government title,Topic,Topic
Past,Past tense,Grammatical tense,Topic,Topic,Topic
Exchange rate,Rate,Exchange,Topic,Mathematics,Organized market
True Beauty,Narrative,True Corporation,Television series,Literary genre,Corporation
City,Manchester City F.C.,Manchester,Topic,Football club,City in England
Seven deadly sins,Sin,The Seven Deadly Sins,Topic,Topic,Comic book series
Lyrics,Blame,Blame!,Topic,Topic,Film
City,Manchester City F.C.,Manchester,Topic,Football club,City in England
Psychological Stress,Stress,Stress,Illness,Biology,Mechanics
Day,Week,Hour,Time,Time,Unit of time
Crossword,Donald Trump,Synonym,Topic,45th U.S. President,Topic
Sound Recording and Reproduction,Screencast,Computer monitor,Topic,Topic,Topic
FA Cup,Premier League,FA Cup Final,Football cup,Football league,Sports league championship
Ready Player One,IReady,Ready or Not,Film,Topic,2019 film
large,Giant Bicycles,Giant Eagle,Topic,Topic,Supermarket company
Outskirt Stable,Outskirt,The Legend of Zelda: Breath of the Wild,Topic,Album by The Outskirt,Console game
Early childhood education,Education,Early childhood,School category,Topic,Topic
Spring,Spring Framework,Spring,Season,Computer program,Topic
War,United States,World War I,Topic,Country in North America,War
Creative Destruction,God,Appetite for Destruction,Survival game,Supreme being,Studio album by Guns N' Roses
Time,Money,Average,Dimension,Topic,Topic
Somerset,Somerset,Kentucky,Non-metropolitan county,City in Kentucky,US State
Carrying capacity,Ampere,Electric current,Topic,Unit of electric current,Topic
The Crown,Crown,Crown,TV series,Topic,Topic
Smoke,Smoking,Tobacconist,Topic,Topic,Topic
Legally Blonde,Vision impairment,Marriage,2001 film,Disability,Topic
Train,WhatsApp,Flight,Form of transport,Mobile application,Topic
Sharp,Pain,Sharp pain,Topic,Medical condition,Topic
Private investigator,Job,Crime,Career,Topic,Topic
God,Jesus,Donald Trump,Supreme being,Preacher,45th U.S. President
Indian Overseas Bank,Travel,Job,Bank,Topic,Topic
Analysis,Data,Data analysis,Topic,Topic,Topic
strong,World,Country,Topic,Topic,Topic
Jockey,Jockey,Undergarment,Topic,Profession,Clothing
Pep Boys,Pep Guardiola,Pep,Tire company,Spanish football manager,Retail company
Meaning,Besiege,Definition,Topic,Video game,Topic
Buffalo Wild Wings,The Legend of Zelda: Breath of the Wild,The Legend of Zelda,Restaurant company,Console game,Video game series
Natural selection,Nature,Staff Selection Commission,Topic,Topic,Government ministry
R. Kelly,Kelly Clarkson,Machine Gun Kelly,,American singer-songwriter,Musician
Fulham F.C.,Fulham,Liverpool F.C.,Football club,Topic,Football club
Allegation,Meaning,Definition,Topic,Topic,Topic
Force,Nike Air Force 1,Nike,Topic,Shoes,Topic
Morning glory,God,Glory,Plant,Supreme being,Religion
Sadio Mané,Gucci Mane,Lion's mane,Senegalese football player,American rapper,Fungus
Surrender,Surrender,Lyrics,Military,Song by Natalie Taylor,Topic
Among Us,Personal computer,Video game modding,Online game,Computer,Topic
LGBT pride,Pride parade,Pride,Topic,Topic,Topic
Surviving R. Kelly,Surviving Mars,Spouse,TV series,Video game,Topic
Company,We Bought a Zoo,Product return,Topic,2011 film,Topic
Surrender,Surrender,Lyrics,Military,Song by Natalie Taylor,Topic
Pen,Electronic cigarette,USB flash drive,Topic,Topic,Media format
Distance,Travel,Ampere,Topic,Topic,Unit of electric current
Surname,Sony The Last of Us Series,The Last of Us,Topic,Game series,Computer game
Lie,Lying,Pain,Topic,Position,Medical condition
Steel,Stainless steel,Stock,Topic,Topic,Topic
Mother,Sister,Son,Topic,Topic,Topic
Data recovery,Data,Surgery,Topic,Topic,Medical specialty
Gymnastics,Artistic gymnastics,Summer Olympic Games,Sports,Sports,Topic
Stomach,Indigestion,Upset,Topic,Condition,Competition
Cam,CAME,Jesus,Topic,Topic,Preacher
Microsoft Access,Microsoft Corporation,Wireless access point,System software,Technology company,Topic
Electric power,Power,Power outage,Topic,Physics,Topic
The Things They Carried,used,Cell,Book by Tim O'Brien,Topic,Biology
Spotlight,Spotlight Pty Ltd,Spotlight,Topic,Company,Topic
Suspect,Patient,Report,Topic,Topic,Topic
Alliance,Star Alliance,Wedding ring,Topic,Airline alliance,Topic
The Crown,Crown,Crown,TV series,Topic,Topic
Lost Ark,Lost,Lost in Space,Video game,TV series,2018 TV series
Star Wars Jedi: Fallen Order,Has Fallen Series,Jurassic World: Fallen Kingdom,Video game,Film series,2018 film
Natural selection,Nature,Staff Selection Commission,Topic,Topic,Government ministry
Passport,Vaccine,Department of Foreign Affairs,Topic,Topic,Topic
Survivor,Survivor Turkey,Designated Survivor,American television series,Turkish reality show,TV series
Product recall,Email,Recall election,Topic,Topic,Topic
Village,Village Cinemas,Resort,Topic,Cinema company,Accommodation type
Survivor,Survivor Turkey,Designated Survivor,American television series,Turkish reality show,TV series
Rail transport,Train station,Train,Means of transportation,Topic,Form of transport
Contract,Rental agreement,Rent,Topic,Topic,Topic
Education,Life,Essay,Topic,Topic,Short non-fiction variety
Orchestra,Orchestra,Orchestra-Prémaman S.A.,Topic,Topic,Company
Tournament,NCAA Men's Division I Basketball Tournament,NCAA Division I,Topic,Topic,Topic
Chase Bank,JPMorgan Chase,Credit,Consumer banking company,Investment banking company,Topic
The Crowned Clown,Queen Elizabeth II,Giant golden-crowned flying fox,Television series,Former Queen of the United Kingdom,Animal
Definition,Function,used,Topic,Mathematics,Topic
The Things They Carried,used,Cell,Book by Tim O'Brien,Topic,Biology
Self-confidence,Confident,Synonym,Topic,Song by Demi Lovato,Topic
Ford Ranger,Ford,Ford Ranger,Pickup truck,Automobile make,Car model
School,Road,Closed captioning,Topic,Topic,Topic
Computer Application,Application for employment,Mobile app,Software classification,Topic,Mobile game device
Land Rover Defender,Land Rover,Microsoft Defender,SUV,Car make,Computer software
Data breach,Five Nights at Freddy's: Security Breach,Data,Topic,Survival game,Topic
Defamation,Definition,Law,Topic,Topic,Topic
Mining,Minecraft,Sweet Child O' Mine,Topic,Video game,Song by Guns N' Roses
Triggered Insaan,Triggered,Internet meme,YouTube channel,Film,Topic
Payment,Wage,Tax,Topic,Topic,Topic
Source code,Open-source software,Code,Topic,Software grouping,Topic
The Things They Carried,used,Cell,Book by Tim O'Brien,Topic,Biology
Injury,Pain,Stomach,Injury,Medical condition,Topic
Broadcasting,Broadcasting,Television,Professional field,Networking,Topic
Carrying capacity,Ampere,Electric current,Topic,Unit of electric current,Topic
Sales,Real Estate,Land Rover,Topic,Topic,Car make
Vital signs,Minimum Vital Income,Medical sign,Diagnostic sign,Topic,Topic
Computer file,Password,Message,Topic,Topic,Topic
Outskirt Stable,Outskirt,The Legend of Zelda: Breath of the Wild,Topic,Album by The Outskirt,Console game
Heart,Heart rate,Rate,Topic,Topic,Mathematics
Professional,Courier,The Professional Couriers,Topic,Topic,Topic
Advertising,Information,Meaning,Topic,Topic,Topic
Death,Quotation,Anyone,Topic,Literary genre,Song by Justin Bieber
Divinity,Divinity: Original Sin II,Originality,Series,Video game,Topic
Trial,Clinical trial,Johnny Depp,Trial lawyer,Topic,American actor
Pound sterling,Silver,Sterling silver,Currency,Chemical element,Topic
Supermarket,Grocery store,Moneysupermarket.com,Topic,Topic,Website
Youth,Sports league,Size,Topic,Topic,Topic
Eastern Time Zone,Time,Europe,Time zone,Dimension,Continent
Curb,Curb Your Enthusiasm,Weight,Topic,American sitcom,Topic
Birth,Childbirth,Birth control,Topic,Topic,Topic
Language,Vocal language,English language,Topic,Topic,Spoken language
Communication,Management,used,Topic,Topic,Topic
Self-confidence,Confidence interval,Interval,Topic,Topic,Mathematics
Urgent care center,Urgent Care Near Me,Exam,Medical speciality,"Urgent care center in Bellaire, Texas",Topic
Exit poll,Exit status,Election contest,Topic,Topic,Topic
Seven deadly sins,Sin,The Seven Deadly Sins,Topic,Topic,Comic book series
Gun,Firearm,Top Gun,Topic,Topic,Film series
Escape room,Room,Ford Escape,Topic,Accommodation type,Compact SUV
Rail transport,Train station,Train,Means of transportation,Topic,Form of transport
Population,United States,World population,Topic,Country in North America,Topic
Nine Network,Brooklyn Nine-Nine,Nine News,Television network,American comedy series,TV network
Anger,Anger management,Management,Topic,Topic,Topic
Coach,Coach,Coach,Sport,Fashion label,Topic
Arena,Sand,Magic: The Gathering Arena,Topic,Topic,Digital collectible card game
Chase Bank,JPMorgan Chase,Credit,Consumer banking company,Investment banking company,Topic
Wall,Art,The Wolf of Wall Street,Topic,Topic,2013 film
Average,Cost,Salary,Topic,Topic,Topic
Penny,Penny,JCPenney,Supermarket company,United States coin,Department store company
Symptom,Medical sign,Coronavirus disease 2019,Topic,Topic,Disease
House,Document Object Model,Dom Pérignon,Site listing category,Application programming interface,Topic
Riot Games,Riot,Riot Games,Video game developer,Topic,Topic
Exam,Tax,Tax preparation in the United States,Topic,Topic,Topic
Better Call Saul,Better Business Bureau,Feeling,American drama series,Nonprofit organization,Topic
Horror,Film,Horror fiction,Film genre,Topic,Literary genre
Mission: Impossible,Mission: Impossible,Mission: Impossible – Ghost Protocol,Film series,Film,2011 film
Dispute resolution,Dispute,Credit,Topic,Credit card,Topic
Jury,Jury duty,Juried competition,Topic,Topic,Topic
Ambition,Meaning,Quotation,Topic,Topic,Literary genre
Rail transport,Train station,Train,Means of transportation,Topic,Form of transport
Mission: Impossible,Mission: Impossible,Mission: Impossible – Ghost Protocol,Film series,Film,2011 film
Bomb,World War II,United States,Aircraft accident type,War,Country in North America
Bicycle,Park and ride,Train,Topic,Topic,Form of transport
Gareth Bale,Christian Bale,Basel,Welsh football player,Actor,City in Switzerland
Hospital,Student,Patient,Topic,Topic,Topic
Light,Electric charge,Wi-Fi,Topic,Field of study,Topic
Lightning,Lightning strike,Meaning,Topic,Topic,Topic
Forever 21,Forever 21,Forever Living Products,Clothing company,Fashion label,Multi-level marketing company
Roe v. Wade,Dwyane Wade,Calf,Court case,American former professional basketball player,Leg
Uncertainty,Uncertainty principle,Principle,Topic,Topic,Topic
Early childhood education,Education,Early childhood,School category,Topic,Topic
Seven deadly sins,Sin,The Seven Deadly Sins,Topic,Topic,Comic book series
Exam,Result,2022,Topic,Topic,Topic
Designer,Design,Graphics,Career,Topic,Topic
Telephone number,Number,Contact lens,Topic,Topic,Topic
Evidence,Evidence,Evidence-based practice,Topic,Law,Topic
University of Notre Dame,Cathédrale Notre-Dame de Paris,Notre Dame Fighting Irish football,"University in St. Joseph County, Indiana","Cathedral in Paris, France",Football team
United States,Ampere,Country,Country in North America,Unit of electric current,Topic
Identity,Identity theft,Theft,Social science,Topic,Topic
Buttocks,large,Breast,Topic,Topic,Topic
Money,small,Payment,Topic,Topic,Topic
Lyrics,Cake,Nothing Bundt Cakes,Topic,Confection,Topic
Meaning,Definition,Synonym,Topic,Topic,Topic
Rage Against the Machine,Rage,Road rage,Rock band,Emotion,Topic
Horror,Film,Horror fiction,Film genre,Topic,Literary genre
Standing,Last Man Standing,Desk,Topic,American sitcom,Topic
Disappointment,Quotation,Cape Disappointment State Park,Topic,Literary genre,"State park in Pacific County, Washington"
Birth control,Remote control,Birth,Topic,Topic,Topic
Cream,Heavy metal,Menstruation,Dairy product,Musical genre,Topic
Hostility,Meaning,Hostile work environment,Topic,Topic,Topic
Contract,Rental agreement,Rent,Topic,Topic,Topic
Disaster,Disaster,Emergency management,Topic,Film genre,Topic
Coin Master,Master's Degree,Master,Mobile game,Degree,France
Glass,Door,Window,Visual art form,Topic,Topic
Floor,Floor plan,Tile,Topic,Topic,Topic
Musician,Nigeria,Music,Profession,Country in West Africa,Topic
Cell,Film producer,used,Biology,Topic,Topic
Acting,Actor,Force,School category,Occupation,Topic
War,Battle,United States,Topic,Topic,Country in North America
Lamb and mutton,Recipe,Meat chop,Meat,Topic,Food
Magic: The Gathering,Playing card,Data,Card game,Topic,Topic
Racing,Horse racing,Horse,Topic,Sports,Animal
Failure,Heart failure,Heart,Topic,Syndrome,Topic
Decider,Wheel,Wheel Decide,Topic,Topic,Topic
Game of Thrones,America's Got Talent,Britain's Got Talent,Drama series,Television show,Television show
Homelessness,Homeless shelter,Shelter,Topic,Topic,Building
Redmi,Xiaomi Redmi Note,Xiaomi,Mobile phone,Topic,Topic
Strategy,Marketing,Marketing strategy,Topic,Topic,Topic
Straight Talk,Hair,Line,Topic,Topic,Geometry
Surviving R. Kelly,Surviving Mars,Spouse,TV series,Video game,Topic
Miss Universe,University of Mississippi,France,Topic,"Public university in Oxford, Mississippi",Country in Europe
Word,used,Definition,Topic,Topic,Topic
Roger Federer,Roger Waters,Roger Moore,Swiss tennis player,English musician,Actor
Musical theatre,High School Musical,High School Musical,Opera genre,Franchise,2006 film
New Year,Year,Boy,Topic,Topic,Topic
Television presenter,Television,Host,Career,Topic,Topic
Clothing,Dress,Art,Topic,Garment,Topic
Plant-based diet,Plant,Question,Topic,Algae,Topic
Building,Team building,Team,Site listing category,Topic,Topic
Electricity,Payment,Energy,Topic,Topic,Topic
Undisputed,Skip and Shannon: Undisputed,Boyka: Undisputed,Film series,Talk show,2016 film
Time,Time zone,Part-time job,Dimension,Topic,Topic
Film producer,Record Producer,Television producer,Topic,Topic,Career
Jockey,Jockey,Undergarment,Topic,Profession,Clothing
Star Wars Jedi: Fallen Order,Has Fallen Series,Jurassic World: Fallen Kingdom,Video game,Film series,2018 film
New Year,Year,Boy,Topic,Topic,Topic
Prison,Prison Break,Prisoner,Building use,American drama series,Topic
Controversy,Synonym,Advertising,Topic,Topic,Topic
Prisoner,Harry Potter and the Prisoner of Azkaban,Harry Potter,Topic,Film,Film series
Ornament,Christmas,Tree,Art,Festivity,Plant
Plant,Fast,Tree,Algae,Topic,Plant
Mark Wahlberg,Mark Zuckerberg,Canon,American actor,Chief Executive Officer of Facebook,Topic
Kit,Body kit,Suspension lift,Association football,Topic,Topic
Lost Ark,Lost,Lost in Space,Video game,TV series,2018 TV series
Plastic,Plastic surgery,Surgery,Topic,Medical specialty,Medical specialty
Cricket,Cricketer,India,Sports,Career,Country in South Asia
The Masked Singer,God,Quran,Television series,Supreme being,Religious text
Indian people,Marriage,Power Couple,People,Topic,Brazilian TV series
Suffering,Disease,Depression,Topic,Topic,Mood
House,Seat,Child safety seat,Site listing category,Topic,Topic
built-in,Home,Oven,Topic,Topic,Cooking appliance
Notice,Red Notice,death notice,Topic,Film,Topic
Coping,Coping,Mechanism,Topic,Topic,Engineering
Voting,Voter ID,Voter registration,Topic,India,Topic
Tree,Dollar Tree,Christmas,Plant,Discount store company,Festivity
Necktie,Tie-dye,Dye,Clothing,Topic,Topic
June,2022,2019,Month,Topic,Topic
America's Got Talent,Britain's Got Talent,Talent management,Television show,Television show,Topic
Solution,Mathematics,National Council of Educational Research and Training,Chemistry,Topic,Topic
Sitting,Pain,Pet sitting,Topic,Medical condition,Topic
Premier League,South African Premier Division,Premiership Rugby,Football league,Football league,Club competition
Elaine Benes,Elaine Martins,Elaine,Fictional character,Musical artist,Singer
Opinion poll,Exit poll,Election contest,Topic,Topic,Topic
Gareth Bale,Christian Bale,Basel,Welsh football player,Actor,City in Switzerland
Edition,PDF,Minecraft,Book,File format,Video game series
Chef,Cook,Pampered Chef,Topic,Career,Topic
Bus,Public transport timetable,Train,Transit service type,Topic,Form of transport
Call of Duty: Modern Warfare,Modern Family,Call of Duty,2019 video game,American sitcom,Video game series
Average,Cost,Salary,Topic,Topic,Topic
Pokémon,Red Dead Redemption 2,Legendary Pokémon,Topic,Online game,Topic
New Year,Year,Boy,Topic,Topic,Topic
New Year,New Year's Eve,Christmas,Topic,Saint's day,Festivity
Range Rover,The Range,Land Rover,SUV,Retail company,Car make
New Year,Year,Boy,Topic,Topic,Topic
Musical ensemble,Xiaomi Mi Band,Watch,Topic,Topic,Topic
Data,Driven,The Purpose Driven Life,Topic,2018 film,Book by Rick Warren
The Crowned Clown,Queen Elizabeth II,Giant golden-crowned flying fox,Television series,Former Queen of the United Kingdom,Animal
Lightning,Lightning strike,Meaning,Topic,Topic,Topic
Orchestra,Orchestra,Orchestra-Prémaman S.A.,Topic,Topic,Company
Size,Shoes,Plus-size clothing,Topic,Shoe,Topic
Throne,Game of Thrones,Throne of Glass,Topic,Drama series,Novel series
Contestant,Bigg Boss,American Idol,Topic,Indian television show,American television series
Stone,Rock,Kilogram,Unit,Geology,Unit of mass
diver,Watch,Scuba diving,Profession,Topic,Topic
Animal,Animal Crossing,Animal shelter,Topic,Video game series,Topic
User,User guide,Password,Computing,Topic,Topic
Disruptive innovation,Meaning,Train,Topic,Topic,Form of transport
Live television,Sports Direct International,Match,TV category,Clothing retail company,Topic
Education,Life,Essay,Topic,Topic,Short non-fiction variety
New Year,Year,Boy,Topic,Topic,Topic
Download,apk,Software versioning,Topic,File format,Topic
Hurdle,Hurdling,Tag cloud,Topic,Sports,Topic
Delivery,Restaurant,Food,Commerce,Topic,Food
Book,PDF,BookMyShow,Topic,File format,Ticket company
Law,Sports governing body,Government,Topic,Governing body,Organization type
large,Quotation,Synonym,Topic,Literary genre,Topic
Criminal Minds,Criminal record,Criminal justice,American drama series,Topic,Topic
Ancient history,Greece,Ancient Egypt,Topic,Country in the Balkans,Topic
Ross Stores,Ross,Bob Ross,Discount store company,Topic,American painter
Theft,Mobile phone,Report,Topic,Topic,Topic
Past,Past tense,Grammatical tense,Topic,Topic,Topic
Discus,Discus throw,Fish,Fish,Sports,Animal
Cheque,The Returned,Server,Topic,American TV series,Computing
Formula 1: Drive to Survive,I Will Survive,I Will Survive,TV series,Song by Dino Fekaris and Freddie Perren,Song by Gloria Gaynor
used,User,Installation,Topic,Computing,Computer programs
El País,El Mundo,El Tiempo,Newspaper,Spain,Colombia
Inter Milan,Sport Club Internacional,Juventus F.C.,Football club,Football club,Football club
Time,Money,Average,Dimension,Topic,Topic
Passport,Vaccine,Department of Foreign Affairs,Topic,Topic,Topic
Insurance,Vehicle insurance,Health,Topic,Insurance category,Topic
The Harder They Fall,difficult,love me harder,2021 film,Topic,Song by Ariana Grande and The Weeknd
Fifth Third Bank,Saks Fifth Avenue,Fifth Harmony,Banking company,Topic,Girl group
Leboncoin,Dice,Le Monde,Website,Topic,Newspaper
Character,Character,Anime,Arts,Topic,Television genre
Skin,Dry cleaning,Xeroderma,Topic,Topic,Condition
Artificial satellite,Satellite imagery,Image,Rocket function,Topic,Topic
Critical thinking,Critical Role,Thought,Topic,American web series,Topic
"1,000,000,000",Billion,United States Dollar,Topic,Topic,Currency
Hair,Plant,Tree,Topic,Algae,Plant
Five Feet Apart,Hotel,Apart,2019 film,Accommodation type,Company
Detective,True Detective,Pokémon Detective Pikachu,Topic,American drama series,Film
Honda Shine,Honda,Shimmer and Shine,Topic,Automobile make,Animated series
Egg,Egg,Omah Lay,Topic,Food,Nigerian singer
Extraordinary You,Lawyer,Zoey's Extraordinary Playlist,Television series,Occupation,Comedy-drama series
Tyler Perry's Ruthless,Meaning,Ruthless (Nice Guys Always Finish Last),TV series,Topic,Song by MarMar Oso
Road,Road trip,Old Town Road,Topic,Topic,Song by Lil Nas X
Egg,Egg,Omah Lay,Topic,Food,Nigerian singer
Lane,Lane Bryant,Azur Lane,Topic,Specialty retail company,Video game
The Crowned Clown,Queen Elizabeth II,Giant golden-crowned flying fox,Television series,Former Queen of the United Kingdom,Animal
Prison,U.S. County,Prisoner,Building use,United States,Topic
Prize,Nobel Prize,Prize Bond,Topic,Award,Topic
Television presenter,Television,Host,Career,Topic,Topic
Lawyer,Personal injury lawyer,Traffic collision,Occupation,Lawyer,Disaster type
used,Car,Sales,Topic,Mode of transport,Topic
The Spectacular Now,The Spectacular Spider-Man,Christmas,2013 film,TV series,Festivity
Federal,Federation,Navy Federal Credit Union,Topic,Form of government,Credit union
Soap,Soap opera,SOAP,Topic,Radio format,Internet protocol
Eyes Wide Shut,Valve,Shut up,1999 film,Topic,Topic
Rain,Average,Radar,Topic,Topic,Topic
Witness,Jehovah's Witnesses,Jehovah,Topic,Denomination,God
Disadvantage,Medicare,Medicare Advantage,Topic,United States,Topic
Employee benefits,Benefit Cosmetics,Benefit,Topic,Cosmetics company,Topic
Eyes Wide Shut,Valve,Shut up,1999 film,Topic,Topic
Politician,The Politician,Politics,Topic,TV series,Field of study
Box office,Waste collection,Collecting,Topic,Topic,Topic
Multiple sclerosis,Multiple,Multiple choice,Disease,Mathematics,Topic
Photographer,Photography,Wedding,Occupation,Visual art form,Topic
Recession,Economy,United States,Topic,Topic,Country in North America
Militant,Church Militant,Activism,Topic,Website,Topic
Quotation,Christianity,Meme,Literary genre,Religion,Topic
Language,Vocal language,English language,Topic,Topic,Spoken language
Number,Parity,Break-even,Topic,Mathematics,Economics
Real Estate,Real Estate Broker,Travel,Topic,Occupation,Topic
high,World,India,Topic,Topic,Country in South Asia
Independence Day,Stimulus,Cheque,United States,Economics,Topic
Nature,Nature & Découvertes SA,Nature,Topic,Company,Journal
Ownership,Equity sharing,Property,Topic,Topic,Topic
Globe Telecom,Globe,Globe,Telecommunications company,Topic,Topic
Music,Radio,Listen,Topic,Topic,Song by Beyoncé
Spotted lanternfly,Spotted dick,Fever,Insects,Food,Disease
Dance,Just Dance,Dance Monkey,Topic,Video game series,Song by Tones and I
Giuseppe Conte,Antonio Conte,Tale,Former Prime Minister of Italy,Italian football manager,Literary genre
Bridge,Building collapse,Surfside condominium collapse,Topic,Disaster type,Disaster
Shed,Garden,Spelling Shed,Topic,Topic,Topic
Culture,France Culture,Popular culture,Organization type,Channel,Topic
Au pair,Bluetooth,Apple,Job title,Topic,Topic
Arrest,U.S. County,Cardiac arrest,Topic,United States,Disease
R. Kelly,Kelly Clarkson,Machine Gun Kelly,,American singer-songwriter,Musician
Sunk cost,Cost,Ship,Topic,Topic,Mode of transport
Electricity,Payment,Energy,Topic,Topic,Topic
Fringe,Bangs,Fringe,TV series,Hair,Trim
Track and field,Track and trace,Race track,Sports,Topic,Building use
Exam,Result,2022,Topic,Topic,Topic
Musical ensemble,Xiaomi Mi Band,Watch,Topic,Topic,Topic
Time,Money,Spend Bill Gates Money,Dimension,Topic,Console game
Street,Google Street View,New York,Topic,Topic,City in New York State
Premier League,South African Premier Division,Premiership Rugby,Football league,Football league,Club competition
Spare part,Spare tire,Tire,Topic,Topic,Topic
Subject,Verb,Science,Grammar,Topic,Topic
Broadcasting,OBS Studio,Software,Professional field,Software,Software grouping
License,Suspension,Driving,Topic,Chemistry,Topic
Doubt,No Doubt,Doubt,Topic,Rock band,2008 film
Product recall,Email,Recall election,Topic,Topic,Topic
Serving size,Breakfast,Food,Topic,Topic,Food
Mystery,Murder,Harry Potter: Hogwarts Mystery,Literary genre,Topic,Video game
New Year,Year,Boy,Topic,Topic,Topic
Tooth,Wisdom,Wisdom tooth,Topic,Topic,Topic
Limit,Credit,Speed,Mathematics,Topic,Dimension
Party,Birthday,Celebration Cinema,Topic,Topic,Topic
Meaning,Synonym,Behavior,Topic,Topic,Topic
Cross,Motocross,American Red Cross,Topic,Sports,Non-profit
Modern Language Association,Microsoft Word,File format,Professional association,Software,Topic
Rose,Gold,Pink,Plant,Chemical element,Color
Present tense,Simple present,Present perfect,Topic,Topic,Topic
Wedding,Dress,Wedding dress,Topic,Garment,Dress
Lyrics,Can't Help Falling in Love,Love,Topic,Song by Elvis Presley,Topic
Fortnite,Item Number,List,Online game,Topic,Abstract data type
What to Expect When You're Expecting,What To Expect,Surgery,Film,"Media company in New York City, New York",Medical specialty
House,Seat,Child safety seat,Site listing category,Topic,Topic
Simply Be,Simply Red,Simply Southern,Topic,Pop band,Topic
Gold,Rate,Indian Premier League,Chemical element,Mathematics,Sports league
Writing,Book,Exam,Language writing system,Topic,Topic
Idea,Vodafone Idea,Idea Store,Topic,Telecom company,Topic
used,Given,Ampere,Topic,Manga,Unit of electric current
Weight loss,Help desk,Can't Help Falling in Love,Topic,Topic,Song by Elvis Presley
Limit,Credit,Speed,Mathematics,Topic,Dimension
Password,Microsoft Excel,Mask,Topic,Computer program,Topic
Frozen,Frozen,Frozen II,Film series,2013 film,2019 film
Drinking,Alcoholic beverage,Drink,Topic,Food,Type of dish
Job,Work,Remote work,Topic,Physics,Topic
Goal,Game,Player,Sports,Topic,Topic
Savings,Savings account,Daylight saving time,Topic,Topic,Time zone
Infection,Candidiasis,Yeast,Disease,Topic,Fungus
ACT,Law,Tax,Test,Topic,Topic
familiar,Common Sense Media,Common Application,Topic,Topic,Topic
Grant,Hugh Grant,SASSA,Money,English actor,Topic
Community,Community college,College,Organization type,Type of educational institution,School category
Garden,Olive Garden,Garden centre,Topic,Restaurant company,Topic
Anti-war movement,War,United States,Topic,Topic,Country in North America
Higher education,Education,Secondary school,School category,Topic,School category
Concert,Ticket,Concert tour,Topic,Admission,Topic
Meaning,Definition,Synonym,Topic,Topic,Topic
Tank Trouble,Good Trouble,Troubleshooting,Online game,TV series,Topic
Natural environment,Environment and Climate Change Canada,Environment variable,Topic,Government department,Topic
used,Old Navy,Month,Topic,Clothing retail company,Unit of time
Size,Abdomen,Adipose tissue,Topic,Topic,Topic
Weight loss,Hair,Losing My Religion,Topic,Topic,Song by R.E.M.
used,Microsoft Excel,Mixture,Topic,Computer program,Topic
Compressor stall,Engine,Meaning,Topic,Topic,Topic
Crucial,Solid-state drive,Meaning,Topic,Topic,Topic
used,Given,Ampere,Topic,Manga,Unit of electric current
Carbon,Carbon fibers,Carbon dioxide,Chemical element,Topic,Chemical compound
Audience,Audience measurement,Target audience,Topic,Topic,Topic
Education,Sex Education,Higher education,Topic,TV series,School category
Trust,Trust,National Trust,Topic,Social science,Governing body of protected sites
wait,Border,Emergency department,Command,Topic,Topic
large,Giant Bicycles,Giant Eagle,Topic,Topic,Supermarket company
Fast,Fast & Furious,Food,Topic,Film series,Food
Premier League,South African Premier Division,Premiership Rugby,Football league,Football league,Club competition
Air Jordan,Nike Air Jordan I,Michael Jordan,Shoes,Topic,Chairperson of the Charlotte Hornets
Gmail,Computer file,Microsoft Excel,Website,Topic,Computer program
Code,Enter key,Enter the Gungeon,Topic,Topic,Video game
Sentence,Question,Writing,Linguistics,Topic,Language writing system
Waste,Waste Management,Waste management,Topic,Waste management company,Topic
Thought,Think tank,I,Topic,Organization type,Topic
Finland,Finnish language,Sweden,Country in Europe,Spoken language,Country in Europe
Cash,Cash App,Money,Topic,Topic,Topic
Ring,Pre-engagement ring,Futures and promises,Jewellery,Topic,Topic
Surgery,Plastic surgery,Plastic,Medical specialty,Medical specialty,Topic
easy,Recipe,Drawing,Topic,Topic,Visual art form
Coping,Coping,Mechanism,Topic,Topic,Engineering
United States,Ampere,Country,Country in North America,Unit of electric current,Topic
Physician,Job,Salary,Occupation,Topic,Topic
Email,Message,Money,Topic,Topic,Topic
Crisis,Economy,Financial crisis,Topic,Topic,Topic
Living room,Room,Assisted living,Topic,Accommodation type,Topic
Review,Film criticism,Book review,Literary genre,Literary genre,Literary genre
Drama,Irony,Definition,Play genre,Topic,Topic
Baby announcement,Boris Johnson,Infant,Topic,Member of Parliament of the United Kingdom,Topic
Hiking,Trail,Mountain,Topic,Topic,Topic
Pain,Low back pain,Back pain,Medical condition,Disorder,Injury
Package tour,Stimulus,United States Postal Service,Topic,Economics,Mail company
Rent,House,Apartment,Topic,Site listing category,Building function
Rishi Kapoor,Rishi Sunak,Rishi,Indian actor,Member of Parliament of the United Kingdom,Topic
Subaru Legacy,Subaru,Legacy system,Mid-size car,Car make,Topic
Brazil,Brazil national football team,Argentina national football team,Country in South America,Football team,Football team
Delivery,Food delivery,Food,Commerce,Topic,Food
Surge protector,Surge,Clinique,Topic,Topic,Topic
Fishing tackle,Fishing,Tackle,Topic,Topic,Football move
Regulator,Pressure regulator,Voltage regulator,Automatic control,Topic,Topic
Data,Hong Kong,Calendar date,Topic,Special administrative regions of China,Topic
Fortnite,Game controller,AOL Mail,Online game,Computer peripheral class,Web site
Sharp,Pain,Sharp pain,Topic,Medical condition,Topic
Message,Meaning,Wish,Topic,Topic,Topic
Engineer,Engineering,Salary,Degree,Discipline,Topic
Cooking,Cook,Oven,Topic,Career,Cooking appliance
International student,Job,Travel,Topic,Topic,Topic
Nail,Nail polish,Polish Language,Topic,Topic,Spoken language
Shop,Shopping,Online shopping,Building function,Topic,Topic
Technology,Texas Tech University,Virginia Tech,Topic,"Public university in Lubbock, Texas","Land-grant university in Blacksburg, Virginia"
Ghislaine Maxwell,James Clerk Maxwell,Glenn Maxwell,,Scottish mathematician,Australian cricketer
Professional,Courier,The Professional Couriers,Topic,Topic,Topic
Mead,Lake Mead,Lake,Beverage,Reservoir in the United States of America,Lake type
Zoo,Animal,Ticket,Topic,Topic,Admission
Population,United States,World population,Topic,Country in North America,Topic
Therapy,Trick-or-treating,used,Topic,Topic,Topic
Aircraft pilot,Honda Pilot,Honda,Career,SUV,Automobile make
Affect,Result,Credit,Psychology,Topic,Topic
Coping,Coping,Mechanism,Topic,Topic,Engineering
Jet aircraft,Personal watercraft,JetBlue,Topic,Topic,Airline
Astrological sign,Moon,Ascendant,Topic,Natural satellite,Topic
Light,Incandescent light bulb,Light-emitting diode,Topic,Topic,Topic
Ornament,Christmas,Tree,Art,Festivity,Plant
Finitary relation,Dice,Function,Topic,Topic,Mathematics
Crucial,Solid-state drive,Meaning,Topic,Topic,Topic
Budget,Budget Rent a Car,Ibis,Topic,Company,Hotel company
Martin Luther King Jr.,Aston Martin,Aston Martin,American minister,Car manufacturer,Car make
Quotation,Christianity,Meme,Literary genre,Religion,Topic
Project,Korean drama,Synonym,Topic,Topic,Topic
Letter,Line,Point,Message,Geometry,Geometry
Exception handling,Material handling,Data,Topic,Topic,Topic
Landmark Cinemas,Landmark,Landmark Theatres,Cinema company,Geographical feature category,Topic
Popularity,Name,Donald Trump,Topic,Topic,45th U.S. President
Money,Money Heist,Currency,Topic,Drama series,Topic
Inflation,Inflation rate,Calculator,Topic,Topic,Topic
Pet,Pet store,Dog,Topic,Topic,Animal
Genetics,Disease,Gene,Field of study,Topic,Topic
Waste,Waste Management,Waste management,Topic,Waste management company,Topic
Household,Income,Household goods,Topic,Topic,Topic
Economic development,Business,New product development,Field of study,Topic,Topic
Course,Golf course,Golf,Education,Topic,Sports
Aircraft pilot,Honda Pilot,Honda,Career,SUV,Automobile make
Download,Garena Free Fire,Free,Topic,Video game,Telecommunications company
Ground beef,Beef,Swimming pool,Beef,Meat,Topic
H&R Block,Concrete masonry unit,On My Block,Company,Topic,TV series
Quotation,Feeling,difficult,Literary genre,Topic,Topic
Bridge,Building collapse,Surfside condominium collapse,Topic,Disaster type,Disaster
Meaning,Definition,Synonym,Topic,Topic,Topic
Meaning,Synonym,Definition,Topic,Topic,Topic
Publicly listed company,Stock,Company,Organization legal form,Topic,Topic
Hyperlink,TP-Link,TP-Link,Topic,Topic,Computer networking device company
Stock,Share price,Stock market,Topic,Topic,Topic
Correspondent,Bank,Correspondent account,Job title,Building function,Topic
Disease,Medical sign,Heart,Topic,Topic,Topic
Therapy,Trick-or-treating,used,Topic,Topic,Topic
Pupil,Student,Eye,Topic,Topic,Topic
Fortnite,Game controller,AOL Mail,Online game,Computer peripheral class,Web site
Symptom,Medical sign,Coronavirus disease 2019,Topic,Topic,Disease
Seafloor spreading,Seabed,Buttocks,Topic,Topic,Topic
Passport,Vaccine,Department of Foreign Affairs,Topic,Topic,Topic
Failure,Medical sign,Exam,Topic,Topic,Topic
bad,Joke,Scary Stories to Tell in the Dark,Topic,Topic,Film
Doneness,Steak,Coin,Topic,Food,Topic
Bus,Public transport timetable,Train,Transit service type,Topic,Form of transport
Television,used,Company,Topic,Topic,Topic
Singing,Human voice,Singin' in the Rain,Musical style,Musical instrument,1952 film
Transition,Transition metal,Metal,Topic,Periodic table group,Chemical series
Time zone,Time,Zone Telechargement,Topic,Dimension,Site
Urgent care center,Urgent Care Near Me,Exam,Medical speciality,"Urgent care center in Bellaire, Texas",Topic
Lesson,Learning,Lessons learned,Topic,Topic,Topic
Life,Quotation,Enjoy the Silence,Topic,Literary genre,Song by Depeche Mode
Far Cry,far,Spider-Man: Far from Home,Game series,Topic,2019 film
Holiday,Holiday Inn,Holiday Inn Express,Topic,Hotel,Hotel company
B vitamins,Complex number,Complex,Topic,Topic,Psychology
Multiple sclerosis,Multiple,Multiple choice,Disease,Mathematics,Topic
Arrest,U.S. County,Cardiac arrest,Topic,United States,Disease
Hearing,Sound,Ear,Topic,Topic,Topic
Exception handling,Material handling,Data,Topic,Topic,Topic
Meaning,Besiege,Definition,Topic,Video game,Topic
Ambulance,St John Ambulance,Hospital,Topic,England,Topic
Egg,Egg,Recipe,Food,Topic,Topic
Meaning,"Scheduled Caste and Scheduled Tribe (Prevention of Atrocities) Act, 1989",Definition,Topic,Topic,Topic
Canada,Air Canada,Air Canada,Country in North America,Airline,Topic
Pain,Thunderstorm,Severe thunderstorm warning,Medical condition,Disaster type,Topic
Teacher,School,Student,Profession,Topic,Topic
Saying,Quotation,Donald Trump,Topic,Literary genre,45th U.S. President
"Catherine, Princess of Wales","Meghan, Duchess of Sussex",The Duchess,Duchess of Cambridge,American actress,Film
Khan Academy,Salman Khan,Sal Khan,Education company,Indian actor,American educator
Park,National park,State park,Topic,IUCN protected area categories,Park
News media,Press conference,Bench press,Topic,Topic,Topic
Adult,Sex shop,Adult Swim,Topic,Topic,Cable channel
Pain,bad,Night,Medical condition,Topic,Topic
Meaning,Flea,Flea market,Topic,Insects,Topic
Coronavirus disease 2019,Coronavirus,Country,Disease,Virus,Topic
Spotted lanternfly,Spotted dick,Cat,Insects,Food,Animal
Poverty,Robert Kiyosaki,Rich Dad Poor Dad,Topic,American businessman,Book by Robert Kiyosaki and Sharon Lechter
Cooking,A Town Uncovered,Baking,Topic,Topic,Topic
The Gunman,Gunfighter,Shooting,2015 film,Topic,Topic
Relative pronoun,Relative clause,Clause,Topic,Topic,Topic
Skill,Health,Exercise,Topic,Topic,Topic
House,Mortgage loan,Home,Site listing category,Topic,Topic
Fitbit,Fitbit Inspire HR,Fitbit Inspire,Consumer electronics company,Topic,Topic
Birth,Infant,A Star is Born,Topic,Topic,2018 film
Animal bite,Dog,Insects,Injury,Animal,Animal
Night,Morning,Minute,Topic,Topic,Unit of time
Priest,Saint-Priest,Judas Priest,Topic,Commune in France,Band
Running,Train,Shoes,Sports,Form of transport,Shoe
Reform,Tax,Tax reform,Topic,Topic,Topic
Surviving R. Kelly,Surviving Mars,Spouse,TV series,Video game,Topic
Birthday,Wish,Happiness,Topic,Topic,Topic
Death,United States,War,Topic,Country in North America,Topic
Smile,Amazon.com,Quotation,Topic,E-commerce company,Literary genre
Coronavirus disease 2019,Exposed,Medical sign,Disease,2016 film,Topic
Celebrity,I'm a Celebrity...Get Me Out of Here!,Celebrity Cruises,Topic,British reality show,Topic
Adult,Sex shop,Adult Swim,Topic,Topic,Cable channel
Lyrics,The Man Who Knew Infinity,I Knew You Were Trouble,Topic,2015 film,Topic
Crossword,United States,Meaning,Topic,Country in North America,Topic
Child,Child support,Child care,Topic,Topic,Topic
Civilian,Civil Engineering,Civil registration,Topic,Discipline,Topic
Missouri,Springfield,St. Louis,US State,City in Missouri,City in Missouri
Death,United States,War,Topic,Country in North America,Topic
Girl,Teen,Teen Wolf,Topic,Film genre,2011 TV series
Journey 2: The Mysterious Island,Journey,The Mysterious Benedict Society,2012 film,Film series,TV series
Animal feed,Web feed,Infant,Food,Topic,Topic
Adult,Sex shop,Adult Swim,Topic,Topic,Cable channel
Human voice,Actor,Voice actor,Musical instrument,Occupation,Career
Exercise,Microsoft Windows,Working time,Topic,Operating system,Topic
Medicine,Pharmaceutical drug,Homeopathy,Topic,Topic,Medical speciality
Seeking.com,Man,Woman,Topic,Topic,Topic
Love,Noise,Decision-making,Topic,Topic,Topic
Harassment,Sexual harassment,Human sexuality,Topic,Topic,Topic
Distress,Acute respiratory distress syndrome,Respiratory system,Topic,Syndrome,Topic
Clothing,Dress,Mask,Topic,Garment,Topic
Church,Catholic Church,Baptists,Building,Church,Church
Blood,Temperature,Blood pressure,Body fluid,Topic,Topic
COVID-19 vaccine,Electric charge,Machine,Vaccine,Field of study,Topic
Head,Hilton Head Island,Cylinder head,Topic,Town in South Carolina,Topic
Game,Google Doodle,Doodle,Topic,Topic,Topic
Mask,Clothing,Dress,Topic,Topic,Garment
Marathon,Half marathon,Two and a Half Men,Topic,Topic,American sitcom
Path,Path of Exile,Computer file,Computing,Video game,Topic
Cricket,Cricketer,India,Sports,Career,Country in South Asia
Suspicion,Suspicion,Above Suspicion,1941 film,Emotion,2019 film
Rooting,Square root,Root,Android,Topic,Topic
Exercise,Physics,Paranormal Activity,Topic,Field of study,Film series
Area,Telephone numbering plan,San Francisco Bay Area,Topic,Topic,Region in California
Bag,Handbag,Tote bag,Topic,Topic,Topic
Independence Day,Stimulus,Cheque,United States,Economics,Topic
Accident,Incident report,Police,Disaster type,Topic,Organization type
One Flew Over the Cuckoo's Nest,One Flew Over the Cuckoo's Nest,Airplane,Film,Novel by Ken Kesey,Mode of transport
Meaning,Beach,Ukraine,Topic,Landform,Country in Europe
Wave,Rod Wave,Sound,Topic,American rapper,Topic
Victim,Rape,Victim playing,Topic,Topic,Topic
Van,Vincent van Gogh,Van,Topic,Dutch painter,City in Turkey
Tackle,Football,American football,Football move,Sports,Sports
Halle Bailey,Bill Bailey,Miranda Bailey,American singer,Musician,Fictional character
Anti-war movement,War,United States,Topic,Topic,Country in North America
Mask,Clothing,Dress,Topic,Topic,Garment
Prison,Prison Break,Prisoner,Building use,American drama series,Topic
Prison,Prison Break,Prisoner,Building use,American drama series,Topic
Rescuer,Cardiopulmonary resuscitation,Infant,Career,Topic,Topic
Driving,License,Driver's license,Topic,Topic,Topic
Suspect,Shooting,Highly Suspect,Topic,Topic,Rock band
Worry,Synonym,Feeling,Topic,Topic,Topic
Sentence,Question,used,Linguistics,Topic,Topic
German language,Germany,Germans,Spoken language,Country in Europe,People
Failure,Medical sign,Exam,Topic,Topic,Topic
Bar,Bar,Bar stool,Establishment,Unit,Topic
Fire,Garena Free Fire,FireTV,Topic,Video game,Digital media player
Anne Frank,Frank Sinatra,Frank Ocean,Diarist,American singer,American singer-songwriter
Fraud,Synonym,Police,Topic,Topic,Organization type
Black,Black Friday,Black people,Color,Shopping,People
Serving size,Breakfast,Food,Topic,Topic,Food
Traffic,MarineTraffic,Traffic ticket,Topic,Site,Topic
Transport,Public transport,Madhya Pradesh,Topic,Transit service type,State of India
Rail transport,Train station,Train,Means of transportation,Topic,Form of transport
used,Microsoft Excel,Mixture,Topic,Computer program,Topic
B vitamins,Complex number,Complex,Topic,Topic,Psychology
Missing person,Person,Quotation,Topic,Topic,Literary genre
Hopeful,Synonym,Quotation,Song by Bars and Melody,Topic,Literary genre
Death,Police,Egg,Topic,Organization type,Food
Peace,Peace lily,Peace symbols,Religion,Plant,Topic
Download,apk,Microsoft Windows,Topic,File format,Operating system
Newspaper,Bangladesh,All Bangla Newspaper,Topic,Country in South Asia,Topic
Music,Radio,Listen,Topic,Topic,Song by Beyoncé
White,Black,White people,Color,Color,People
Magic: The Gathering,Playing card,Data,Card game,Topic,Topic
Justice,Justice League,Justice League,Topic,Film series,Film
Laboratory,Labrador Retriever,Puppy,Topic,Dog breed,Topic
Stone,Rock,Kilogram,Unit,Geology,Unit of mass
Pain,Disease,Cause,Medical condition,Topic,Medicine
Alan Shearer,Harry Shearer,Norma Shearer,English football player,American actor,Canadian-American actress
Address,Email,IP address,Topic,Topic,API
Confirmation,ConfirmTkt (Confirm Ticket Online Solutions Pvt Ltd),Ticket,Topic,Topic,Admission
The Metropolitan Museum of Art,Museum,Metropolitan area,"Museum in New York City, New York",Building function,Topic
Attack on Titan,Myocardial infarction,Heart,Manga series,Disease,Topic
Detective,True Detective,Pokémon Detective Pikachu,Topic,American drama series,Film
Location,Rent,Car rental,Topic,Topic,Topic
Data breach,Five Nights at Freddy's: Security Breach,Data,Topic,Survival game,Topic
The Metropolitan Museum of Art,Museum,Metropolitan area,"Museum in New York City, New York",Building function,Topic
Man,Manchester United F.C.,Manchester City F.C.,Topic,Football club,Football club
Therapy,Trick-or-treating,Halloween,Topic,Topic,Celebration
Number,Whose Line Is It Anyway?,Area,Topic,American TV series,Topic
Mother,Son,Father,Topic,Topic,Topic
Post-credits scene,Credit,Crime scene,Topic,Creative arts,Topic
difficult,Weight loss,STOP TRYING TO BE GOD,Topic,Topic,Song by Travis Scott
Fine,Art,Fine arts,Penalty,Topic,Topic
Storm,Tropical cyclone,Winter storm,Disaster type,Disaster type,Disaster type
Bomb,Nuclear weapon,Atomic bombings of Hiroshima and Nagasaki,Aircraft accident type,Topic,Armed conflict
Health,Police,Education,Topic,Organization type,Topic
near,Restaurant,Gasoline,Topic,Topic,Fuel
Eyes Wide Shut,Valve,Shut up,1999 film,Topic,Topic
The Gunman,Gunfighter,Shooting,2015 film,Topic,Topic
Data,Driven,The Purpose Driven Life,Topic,2018 film,Book by Rick Warren
Resignation,Letter,Letter of resignation,Topic,Message,Topic
Password,Saved by the Bell,Computer file,Topic,American sitcom,Topic
Police,Police officer,Police station,Organization type,Occupation,Building function
Nurse,Registered nurse,Job,Profession,Career,Topic
Davy Jones,Davy Crockett,Davy Group,Character,Former United States Representative,Financial company
Justice,Justice League,Justice League,Topic,Film series,Film
Rebel Sport Limited,Rebel Wilson,Canon EOS Rebel,Topic,Australian actress,Digital camera
Bridge,Building collapse,Surfside condominium collapse,Topic,Disaster type,Disaster
Suspicion,Suspicion,Above Suspicion,1941 film,Emotion,2019 film
Officer,Police officer,Police,Job title,Occupation,Organization type
Stabbing,Pain,Abdomen,Topic,Medical condition,Topic
Private investigator,Job,Crime,Career,Topic,Topic
Private investigator,Job,Crime,Career,Topic,Topic
Deportation,Immigration,United States,Topic,Topic,Country in North America
Internet,Internet access,Wi-Fi,Topic,Topic,Topic
Aircraft,Aircraft carrier,Airplane,Topic,Topic,Mode of transport
Audience,Audience measurement,Target audience,Topic,Topic,Topic
Arrest,Cardiac arrest,U.S. County,Topic,Disease,United States
Complaint,Number,Customer,Topic,Topic,Topic
NFL,Snake,Ran,League,Reptiles,Film
Stranger Things,Stranger Things,Stranger Things - Season 3,Drama series,Season 4,Season 3
Stain,Paint,used,Topic,Topic,Topic
Church,Catholic Church,Baptists,Building,Church,Church
Warrant,Arrest,Warrant,Law,Topic,Finance
Apartment,Rent,Shoes,Building function,Topic,Shoe
Post-credits scene,Credit,Crime scene,Topic,Creative arts,Topic
Boy,Girl,Name,Topic,Topic,Topic
Allegation,Meaning,Rape,Topic,Topic,Topic
Alexander McQueen,Alexander the Great,Alexander McQueen,Fashion label,Former King of Macedonia,British fashion designer
Serving size,Breakfast,Food,Topic,Topic,Food
Risk,Management,Risk management,Topic,Topic,Topic
Japan,Japanese Language,Japanese people,Country in East Asia,Spoken language,Ethnic group
Trail,Trail running,Portland Trail Blazers,Topic,Sports,Basketball team
Accident,Incident report,Police,Disaster type,Topic,Organization type
After We Fell,After,Love,2021 film,Film series,Topic
Worry,Don't Worry Darling,Don't Worry Be Happy,Topic,2022 film,Song by Bobby McFerrin
Law,Natural environment,Rights,Topic,Topic,Topic
Ambulance,St John Ambulance,Hospital,Topic,England,Topic
Armed forces,Robbery,Armed forces,Topic,Topic,Topic
Mystery shopping,Handbag,Bag,Topic,Topic,Topic
Man,Manchester United F.C.,Manchester City F.C.,Topic,Football club,Football club
The Things They Carried,used,Cell,Book by Tim O'Brien,Topic,Biology
My Hero Academia,Hero,Hero MotoCorp,Manga series,Topic,Automobile company
Suspect,Patient,Report,Topic,Topic,Topic
iPhone,Disney+,Samsung,Mobile phone,Film distributor,Topic
Boston,Massachusetts,Boston Celtics,City in Massachusetts,US State,Basketball team
Boston,Massachusetts,Boston Celtics,City in Massachusetts,US State,Basketball team
Confirmation,Email,ConfirmTkt (Confirm Ticket Online Solutions Pvt Ltd),Topic,Topic,Topic
Boston,Massachusetts,Boston Celtics,City in Massachusetts,US State,Basketball team
Wonder Woman,Wonder Woman,Wonder,2017 film,Film series,Film
Question,Exam,Mathematics,Topic,Topic,Topic
Fishing,Fishing rod,Fishing license,Topic,Sports equipment,Topic
Anger,Angry Birds,Angry Birds Movie,Topic,Video game,Film series
Lake,City,Salt Lake City,Lake type,Topic,City in Utah
Data,Hong Kong,Calendar date,Topic,Special administrative regions of China,Topic
Result,Declaration,India,Topic,Computer programming,Country in South Asia
diver,Watch,Scuba diving,Profession,Topic,Topic
Child,used,Be Kind,Topic,Topic,Song by Halsey and Marshmello
Stabbing,Pain,Abdomen,Topic,Medical condition,Topic
Wall,Art,The Wolf of Wall Street,Topic,Topic,2013 film
Regret,Meaning,Quotation,Topic,Topic,Literary genre
Video,High-definition video,Indian people,Film format,Film format,People
Post-credits scene,Credit,Crime scene,Topic,Creative arts,Topic
Career counseling,School counselor,Counseling psychology,Topic,Career,Topic
Hearing loss,Deaf culture,Hearing,Disability,Topic,Topic
ACT,Law,Tax,Test,Topic,Topic
Appeal,Court,Appellate court,Topic,Topic,Criminal procedure status
Child,used,Be Kind,Topic,Topic,Song by Halsey and Marshmello
Prison,U.S. County,Prisoner,Building use,United States,Topic
Credit card,Credit,Playing card,Topic,Topic,Topic
Man,Manchester United F.C.,Manchester City F.C.,Topic,Football club,Football club
Bar,Bar,Bar stool,Establishment,Unit,Topic
Vehicle,Car,Vehicle registration plate,Topic,Mode of transport,Topic
Suspicion,Suspicion,Above Suspicion,1941 film,Emotion,2019 film
Moon,Full moon,Lunar phase,Natural satellite,Topic,Topic
Training,Course,Dog training,Topic,Education,Topic
The Metropolitan Museum of Art,Museum,Metropolitan area,"Museum in New York City, New York",Building function,Topic
Meme,Looking for Alaska (TV),Insects,Topic,Miniseries,Animal
Stabbing,Pain,Abdomen,Topic,Medical condition,Topic
Canada,Air Canada,Air Canada,Country in North America,Airline,Topic
Car,Rent,Car rental,Mode of transport,Topic,Topic
Gender reveal party,Gender,Idea,Topic,Topic,Topic
difficult,Mama Tried,Court,Topic,Song by Merle Haggard,Topic
Field,Field,Track and field,Computer science,Physics,Sports
Telephone call,Email,Mobile phone,Topic,Topic,Topic
Police,Research,Student,Organization type,Organization type,Topic
Suspicion,Suspicion,Above Suspicion,1941 film,Emotion,2019 film
large,small,Size,Topic,Topic,Topic
Vehicle,Car,Vehicle registration plate,Topic,Mode of transport,Topic
Police,Police officer,Police station,Organization type,Occupation,Building function
The Pursuit of Happyness,Trivia,Trivial Pursuit,2006 film,Topic,Board game
Distress,Acute respiratory distress syndrome,Respiratory system,Topic,Syndrome,Topic
Evening,Manchester Evening News,Evening gown,Topic,Newspaper,Dress
Suspicion,Suspicion,Above Suspicion,1941 film,Emotion,2019 film
Suspicion,Suspicion,Above Suspicion,1941 film,Emotion,2019 film
The Metropolitan Museum of Art,Museum,Metropolitan area,"Museum in New York City, New York",Building function,Topic
Homicide,Murder,Homicide,Topic,Topic,Song by Logic
Homicide,Murder,Homicide,Topic,Topic,Song by Logic
Pre-order,Marvel Cinematic Universe,Star Wars Jedi: Fallen Order,Topic,Fictional universe,Video game
Tears,Meniscus,Meniscus tear,Body water,Topic,Injury
Homicide,Murder,Homicide,Topic,Topic,Song by Logic
Expert,Expert Group,Media Markt,Topic,Electronics retail company,Electronics retail company
Weight gain,Skeletal muscle,Gain,Topic,Topic,Electronics
Dark Souls,Dark,Dark Souls,Series,TV series,Topic
Violence,Crime,Violent crime,Topic,Topic,Topic
Quotation,Word,The Bible,Literary genre,Topic,Religious text
Newspaper,Diario Panorama,Panorama,Topic,Newspaper,Albania
Mission: Impossible,Mission: Impossible,Mission: Impossible – Ghost Protocol,Film series,Film,2011 film
Film,High-definition video,complete,Topic,Film format,Topic
Waiting period,Room,Waiting room,Topic,Accommodation type,Topic
Anna Sorokin,Anna Kendrick,Anna,Topic,American actress,Frozen
Cape Town,Town,Old Town Road,Capital of South Africa,Topic,Song by Lil Nas X
Job,used,Information,Topic,Topic,Topic
Headline,News,Newspaper,Topic,Broadcast genre,Topic
Fulham F.C.,Fulham,Liverpool F.C.,Football club,Topic,Football club
Choice,Multiple choice,First Choice,Topic,Topic,UK
Box office,Waste collection,Collecting,Topic,Topic,Topic
Rob Lowe,Rob Kardashian,Rob Gronkowski,American actor,American TV personality,American football tight end
Baby announcement,Boris Johnson,Infant,Topic,Member of Parliament of the United Kingdom,Topic
Telephone number,Number,Contact lens,Topic,Topic,Topic
WhatsApp,Mobile app,World Wide Web,Mobile application,Mobile game device,Topic
Seat,SEAT,Car,Topic,Car manufacturer,Mode of transport
Pain,Back pain,Vertebral column,Medical condition,Injury,Topic
Code,Enter key,Enter the Gungeon,Topic,Topic,Video game
Coronavirus disease 2019,Dice,Mike Sorrentino,Disease,Topic,American TV personality
Northern Ireland,Nickel,BBC News,UK constituent country,Chemical element,TV channel
Economic development,Business,New product development,Field of study,Topic,Topic
Sleep,Hearing,Feeling,Topic,Topic,Topic
Plea,Plea bargain,Bargaining,Topic,Topic,Topic
Meaning,Definition,Synonym,Topic,Topic,Topic
The Incredible Hulk,Hulk,Incredible Connection,Film,Film series,Company
Citizenship,CITIZEN,Star Citizen,Topic,Topic,Video game
Television show,Emission spectrum,Carbon dioxide,Topic,Topic,Chemical compound
Kit,Body kit,Suspension lift,Association football,Topic,Topic
Ice,Ice cream,Cream,Topic,Food,Dairy product
Job,JobSeeker Payment,Legend of the Seeker,Topic,Topic,Television series
Window,Microsoft Windows,Window film,Topic,Operating system,Topic
strong,Quotation,Strong Girl Bong-soon,Topic,Literary genre,Television series
Hearing loss,Deaf culture,Hearing,Disability,Topic,Topic
Travel,Tripadvisor,MakeMyTrip,Topic,Company,Travel company
Curb,Curb Your Enthusiasm,Weight,Topic,American sitcom,Topic
Airplane,Bring Me the Horizon,Bring It On,Mode of transport,Rock band,Film series
Offense,Offensive,Offensive lineman,Sports,Military,Topic
Vow,The Vow,The Broken Marriage Vow,Topic,2012 film,Drama series
Cabinetry,Cabinet,Kitchen,Topic,Government,Topic
Joint,Pain,Joint,Topic,Medical condition,Cannabis
Code,Enter key,Enter the Gungeon,Topic,Topic,Video game
Necktie,Tie-dye,Dye,Clothing,Topic,Topic
Resignation,Letter,Letter of resignation,Topic,Message,Topic
Trend Micro,Trend Micro,Trend analysis,Topic,IT security company,Topic
Money,Cosmetics,Do it yourself,Topic,Topic,Topic
Rob Lowe,Rob Kardashian,Rob Gronkowski,American actor,American TV personality,American football tight end
difficult,Hard disk drive,Hard Rock Cafe,Topic,Computer peripheral,Restaurant company
Flight,Flying Tiger Copenhagen,Airplane,Topic,Variety store company,Mode of transport
Pain,bad,Night,Medical condition,Topic,Topic
Amber Heard,Johnny Depp,Amber alert,American actress,American actor,Topic
Lee's Summit,Summit Racing,Summit,City in Missouri,Topic,Meeting
Dice,LaLiga,2020–21 La Liga,Topic,Football league,Season
Detective,True Detective,Pokémon Detective Pikachu,Topic,American drama series,Film
Electricity,Payment,Energy,Topic,Topic,Topic
Hair,Hairstyle,Font,Topic,Topic,Topic
Vulnerability,Meaning,Definition,Topic,Topic,Topic
India,SpaceX,Space launch,Country in South Asia,Spacecraft engineering company,Topic
Book,PDF,BookMyShow,Topic,File format,Ticket company
Decider,Wheel,Wheel Decide,Topic,Topic,Topic
Buffalo Wild Wings,The Legend of Zelda: Breath of the Wild,The Legend of Zelda,Restaurant company,Console game,Video game series
